-- MySQL dump 10.13  Distrib 8.0.23, for Win64 (x86_64)
--
-- Host: localhost    Database: Event_Calendar
-- ------------------------------------------------------
-- Server version	8.0.23

/*!40101 SET @OLD_CHARACTER_SET_CLIENT=@@CHARACTER_SET_CLIENT */;
/*!40101 SET @OLD_CHARACTER_SET_RESULTS=@@CHARACTER_SET_RESULTS */;
/*!40101 SET @OLD_COLLATION_CONNECTION=@@COLLATION_CONNECTION */;
/*!50503 SET NAMES utf8mb4 */;
/*!40103 SET @OLD_TIME_ZONE=@@TIME_ZONE */;
/*!40103 SET TIME_ZONE='+00:00' */;
/*!40014 SET @OLD_UNIQUE_CHECKS=@@UNIQUE_CHECKS, UNIQUE_CHECKS=0 */;
/*!40014 SET @OLD_FOREIGN_KEY_CHECKS=@@FOREIGN_KEY_CHECKS, FOREIGN_KEY_CHECKS=0 */;
/*!40101 SET @OLD_SQL_MODE=@@SQL_MODE, SQL_MODE='NO_AUTO_VALUE_ON_ZERO' */;
/*!40111 SET @OLD_SQL_NOTES=@@SQL_NOTES, SQL_NOTES=0 */;

--
-- Temporary view structure for view `all_event`
--

DROP TABLE IF EXISTS `all_event`;
/*!50001 DROP VIEW IF EXISTS `all_event`*/;
SET @saved_cs_client     = @@character_set_client;
/*!50503 SET character_set_client = utf8mb4 */;
/*!50001 CREATE VIEW `all_event` AS SELECT 
 1 AS `event_title`,
 1 AS `Location`,
 1 AS `start_date`,
 1 AS `start_time`*/;
SET character_set_client = @saved_cs_client;

--
-- Table structure for table `event`
--

DROP TABLE IF EXISTS `event`;
/*!40101 SET @saved_cs_client     = @@character_set_client */;
/*!50503 SET character_set_client = utf8mb4 */;
CREATE TABLE `event` (
  `Id` int NOT NULL,
  `event_title` varchar(50) NOT NULL,
  `start_date` date NOT NULL,
  `end_date` date NOT NULL,
  `start_time` time DEFAULT NULL,
  `end_time` time DEFAULT NULL,
  `is_full_day_event` tinyint(1) DEFAULT '0',
  `is_recurring_event` tinyint(1) DEFAULT '0',
  `is_multi_day_event` tinyint(1) DEFAULT '0',
  `Location` varchar(50) DEFAULT NULL,
  `Category` varchar(20) NOT NULL,
  PRIMARY KEY (`Id`),
  KEY `date_index` (`start_date`),
  CONSTRAINT `event_chk_1` CHECK ((`start_date` <= `end_date`))
) ENGINE=InnoDB DEFAULT CHARSET=utf8mb4 COLLATE=utf8mb4_0900_ai_ci;
/*!40101 SET character_set_client = @saved_cs_client */;

--
-- Dumping data for table `event`
--

LOCK TABLES `event` WRITE;
/*!40000 ALTER TABLE `event` DISABLE KEYS */;
INSERT INTO `event` VALUES (1,'New Year\'s Day','2021-01-01','2021-01-01','00:00:00','23:59:59',1,1,0,NULL,'festival'),(2,'Global Family Day','2021-01-01','2021-01-01','00:00:00','23:59:59',1,0,0,NULL,'important'),(3,'World Hindi Day ','2021-01-10','2021-01-10','00:00:00','23:59:59',1,0,0,NULL,'important'),(4,'Lohri','2021-01-13','2021-01-13','00:00:00','23:59:59',1,0,0,NULL,'festival'),(5,'Makar Sankranti, Pongal','2021-01-14','2021-01-14','00:00:00','23:59:59',1,0,0,NULL,'festival'),(6,'Indian Army Day','2021-01-15','2021-01-15','00:00:00','23:59:59',1,1,0,NULL,'important'),(7,'Guru Govind Singh Jayanti','2021-01-20','2021-01-20','00:00:00','23:59:59',1,0,0,NULL,'important'),(8,'Netaji Subhash Chandra Bose Jayanti','2021-01-23','2021-01-23','00:00:00','23:59:59',1,0,0,NULL,'important'),(9,'Republic Day','2021-01-26','2021-01-26','00:00:00','23:59:59',1,1,0,NULL,'important'),(10,'Martyrs\' Day','2021-01-30','2021-01-30','00:00:00','23:59:59',1,0,0,NULL,'important'),(11,'National Women\'s Day','2021-02-13','2021-02-13','00:00:00','23:59:59',1,1,0,NULL,'important'),(12,'Valentines Day','2021-02-14','2021-02-14','00:00:00','23:59:59',1,1,0,NULL,'important'),(13,'Vasant Panchami','2021-02-16','2021-02-16','00:00:00','23:59:59',1,0,0,NULL,'festival'),(14,'Shivaji Jayanti','2021-02-19','2021-02-19','00:00:00','23:59:59',1,0,0,NULL,'important'),(15,'International Mother Language Day','2021-02-21','2021-02-21','00:00:00','23:59:59',1,0,0,NULL,'important'),(16,'Guru Ravidas Jayanti','2021-02-27','2021-02-27','00:00:00','23:59:59',1,0,0,NULL,'important'),(17,' World NGO Day','2021-02-27','2021-02-27','00:00:00','23:59:59',1,0,0,NULL,'important'),(18,'National Science Day','2021-02-28','2021-02-28','00:00:00','23:59:59',1,1,0,NULL,'important'),(19,'Maharishi Dayanand Sarasvati','2021-03-08','2021-03-08','00:00:00','23:59:59',1,0,0,NULL,'important'),(20,'International womens day','2021-03-08','2021-03-08','00:00:00','23:59:59',1,0,0,NULL,'important'),(21,'Maha Shivratri','2021-03-11','2021-03-11','00:00:00','23:59:59',1,0,0,NULL,'festival'),(22,'World Happiness Day','2021-03-20','2021-03-20','00:00:00','23:59:59',1,0,0,NULL,'important'),(23,'World Water Day','2021-03-22','2021-03-22','00:00:00','23:59:59',1,1,0,NULL,'important'),(24,'Holika Dahana','2021-03-28','2021-03-28','00:00:00','23:59:59',1,0,0,NULL,'festival'),(25,'Holi','2021-03-29','2021-03-29','00:00:00','23:59:59',1,0,0,NULL,'festival'),(26,'Good Friday','2021-04-02','2021-04-02','00:00:00','23:59:59',1,0,0,NULL,'festival'),(27,'Easter Day','2021-04-04','2021-04-04','00:00:00','23:59:59',1,1,0,NULL,'festival'),(28,'World Health Day','2021-04-07','2021-04-07','00:00:00','23:59:59',1,1,0,NULL,'important'),(29,' Ambedkar Jayanti ','2021-04-14','2021-04-14','00:00:00','23:59:59',1,0,0,NULL,'important'),(30,'Vaisakhi ','2021-04-14','2021-04-14','00:00:00','23:59:59',1,0,0,NULL,'festival'),(31,'Bahag Bihu','2021-04-15','2021-04-15','00:00:00','23:59:59',1,0,0,NULL,'festival'),(32,'Rama Navami','2021-04-21','2021-04-21','00:00:00','23:59:59',1,0,0,NULL,'festival'),(33,'Mahavir Jayanti','2021-04-25','2021-04-25','00:00:00','23:59:59',1,0,0,NULL,'festival'),(34,'Ayushman Bharat Diwas ','2021-04-30','2021-04-30','00:00:00','23:59:59',1,0,0,NULL,'important'),(35,'International Labor Day','2021-05-01','2021-05-01','00:00:00','23:59:59',1,0,0,NULL,'important'),(36,'Mother\'s Day','2021-05-09','2021-05-09','00:00:00','23:59:59',1,0,0,NULL,'important'),(37,'Birthday of Ravindranath ','2021-05-09','2021-05-09','00:00:00','23:59:59',1,0,0,NULL,'important'),(38,'National Technology Day ','2021-05-11','2021-05-11','00:00:00','23:59:59',1,0,0,NULL,'important'),(39,'Eid-ul-Fitar','2021-05-14','2021-05-14','00:00:00','23:59:59',1,0,0,NULL,'festival'),(40,'International Day of Family','2021-05-15','2021-05-15','00:00:00','23:59:59',1,0,0,NULL,'important'),(41,'Buddha Purnima','2021-05-26','2021-05-26','00:00:00','23:59:59',1,0,0,NULL,'festival'),(42,'World Environment Day','2021-06-05','2021-06-05','00:00:00','23:59:59',1,1,0,NULL,'important'),(43,'World Blood Donor Day   ','2021-06-14','2021-06-14','00:00:00','23:59:59',1,0,0,NULL,'important'),(44,'Father\'s Day','2021-06-20','2021-06-20','00:00:00','23:59:59',1,1,0,NULL,'important'),(45,' International Yoga Day','2021-06-21','2021-06-21','00:00:00','23:59:59',1,1,0,NULL,'important'),(46,'Rath Yatra','2021-07-12','2021-07-12','00:00:00','23:59:59',1,0,0,NULL,'festival'),(47,'Bakr Id','2021-07-21','2021-07-21','00:00:00','23:59:59',1,0,0,NULL,'festival'),(48,'Guru Purnima','2021-07-24','2021-07-24','00:00:00','23:59:59',1,0,0,NULL,'festival'),(49,'World Nature Conservation Day  ','2021-07-28','2021-07-28','00:00:00','23:59:59',1,0,0,NULL,'important'),(50,'Friendship Day ','2021-08-01','2021-08-01','00:00:00','23:59:59',1,0,0,NULL,'important'),(51,' National Daughter\'s Day','2021-08-11','2021-08-11','00:00:00','23:59:59',1,0,0,NULL,'important'),(52,'Independence Day','2021-08-15','2021-08-15','00:00:00','23:59:59',1,1,0,NULL,'important'),(53,'Parsi New Year','2021-08-16','2021-08-16','00:00:00','23:59:59',1,0,0,NULL,'festival'),(54,'Muharram','2021-08-19','2021-08-19','00:00:00','23:59:59',1,0,0,NULL,'festival'),(55,' Onam','2021-08-21','2021-08-21','00:00:00','23:59:59',1,0,0,NULL,'festival'),(56,'Raksha Bandhan','2021-08-22','2021-08-22','00:00:00','23:59:59',1,0,0,NULL,'important'),(57,'National Sports Day','2021-08-29','2021-08-29','00:00:00','23:59:59',1,1,0,NULL,'important'),(58,'Janmashtami','2021-08-30','2021-08-30','00:00:00','23:59:59',1,0,0,NULL,'festival'),(59,'Teachers\' Day','2021-09-05','2021-09-05','00:00:00','23:59:59',1,1,0,NULL,'important'),(60,'Ganesh Chaturthi','2021-09-10','2021-09-10','00:00:00','23:59:59',1,0,0,NULL,'festival'),(61,'Engineers\' Day ','2021-09-15','2021-09-15','00:00:00','23:59:59',1,0,0,NULL,'important'),(62,'Mahatma Gandhi Jayanti','2021-10-02','2021-10-02','00:00:00','23:59:59',1,1,0,NULL,'important'),(63,'Indian Air Force Day ','2021-10-08','2021-10-08','00:00:00','23:59:59',1,0,0,NULL,'important'),(64,'Maha Saptami ','2021-10-12','2021-10-12','00:00:00','23:59:59',1,0,0,NULL,'festival'),(65,'Maha Ashtami','2021-10-13','2021-10-13','00:00:00','23:59:59',1,0,0,NULL,'festival'),(66,' Maha Navami','2021-10-14','2021-10-14','00:00:00','23:59:59',1,0,0,NULL,'festival'),(67,'Dusshera','2021-10-15','2021-10-15','00:00:00','23:59:59',1,0,0,NULL,'festival'),(68,'Id-e-Milad','2021-10-19','2021-10-19','00:00:00','23:59:59',1,0,0,NULL,'festival'),(69,'Maharishi Valmiki Jayanti','2021-10-20','2021-10-20','00:00:00','23:59:59',1,0,0,NULL,'festival'),(70,'Karva Chauth','2021-10-24','2021-10-24','00:00:00','23:59:59',1,0,0,NULL,'festival'),(71,' Halloween ','2021-10-31','2021-10-31','00:00:00','23:59:59',1,1,0,NULL,'festival'),(72,'Diwali','2021-11-04','2021-11-04','00:00:00','23:59:59',1,0,0,NULL,'festival'),(73,'Govardhan Puja','2021-11-05','2021-11-05','00:00:00','23:59:59',1,0,0,NULL,'festival'),(74,'National Ayurveda Day','2021-11-05','2021-11-05','00:00:00','23:59:59',1,0,0,NULL,'important'),(75,'Bhai Duj','2021-11-06','2021-11-06','00:00:00','23:59:59',1,0,0,NULL,'festival'),(76,'Chhat Puja','2021-11-10','2021-11-10','00:00:00','23:59:59',1,0,0,NULL,'festival'),(77,'Children\'s Day','2021-11-14','2021-11-14','00:00:00','23:59:59',1,0,0,NULL,'important'),(78,'Guru Nanak Jayanti','2021-11-19','2021-11-19','00:00:00','23:59:59',1,0,0,NULL,'important'),(79,'Guru Tegh Bahadur\'s Martyrdom Day','2021-11-24','2021-11-24','00:00:00','23:59:59',1,0,0,NULL,'important'),(80,'Indian Navy Day','2021-12-04','2021-12-04','00:00:00','23:59:59',1,0,0,NULL,'important'),(81,'Human Rights Day','2021-12-10','2021-12-10','00:00:00','23:59:59',1,0,0,NULL,'important'),(82,'National Mathematics Day','2021-12-22','2021-12-22','00:00:00','23:59:59',1,0,0,NULL,'important'),(83,'Christmas Eve','2021-12-24','2021-12-24','00:00:00','23:59:59',1,1,0,NULL,'festival'),(84,'Christmas ','2021-12-25','2021-12-25','00:00:00','23:59:59',1,1,0,NULL,'festival'),(87,'COA Submission','2021-04-20','2021-04-20','21:00:00','22:00:00',0,0,0,'BB','University'),(90,'IPL','2021-04-20','2021-04-20','19:00:00','23:30:00',0,1,0,'Home','General'),(101,'DMBS GL','2021-04-20','2021-04-20','09:00:00','10:30:00',0,0,0,'BB','University'),(110,'DBMS Submission','2021-04-20','2021-04-20','12:00:00','13:00:00',0,0,0,'BB','University'),(126,'DBMS Revision','2021-04-19','2021-04-20','23:15:00','00:15:00',0,0,1,NULL,'University'),(1929,'IPL','2021-04-25','2021-04-25','15:00:00','19:00:00',0,1,0,'Home','General'),(3592,'Neuro Submission','2021-04-23','2021-04-23','12:00:00','13:30:00',0,0,0,'Google Classroom','University'),(4332,'Pns Quiz','2021-04-21','2021-04-21','18:30:00','20:00:00',0,0,0,'BB','University'),(4501,'COA Lecture','2021-01-11','2021-01-11','09:00:00','10:30:00',0,1,0,'Ms Teams','University'),(7203,'DBMS Lecture','2021-01-12','2021-01-12','09:00:00','10:30:00',0,1,0,'BB','University'),(8388,'Digital Electronics','2021-01-11','2021-01-11','14:00:00','15:00:00',0,1,0,'Ms Teams','University'),(10354,'Summer Break','2021-05-14','2021-07-31','08:00:00','09:00:00',1,1,1,'Home','University'),(19745,'Pns Lecture','2021-01-13','2021-01-13','12:00:00','13:00:00',0,1,0,'BB','University');
/*!40000 ALTER TABLE `event` ENABLE KEYS */;
UNLOCK TABLES;
/*!50003 SET @saved_cs_client      = @@character_set_client */ ;
/*!50003 SET @saved_cs_results     = @@character_set_results */ ;
/*!50003 SET @saved_col_connection = @@collation_connection */ ;
/*!50003 SET character_set_client  = cp850 */ ;
/*!50003 SET character_set_results = cp850 */ ;
/*!50003 SET collation_connection  = cp850_general_ci */ ;
/*!50003 SET @saved_sql_mode       = @@sql_mode */ ;
/*!50003 SET sql_mode              = 'STRICT_TRANS_TABLES,NO_ENGINE_SUBSTITUTION' */ ;
DELIMITER ;;
/*!50003 CREATE*/ /*!50017 DEFINER=`root`@`localhost`*/ /*!50003 TRIGGER `recurremce_delete` AFTER UPDATE ON `event` FOR EACH ROW begin
if new.is_recurring_event=0 then
delete from recurring_event_pattern where event_id=old.id;
delete from recurrent_event where source_entry_id=old.id;
end if;
end */;;
DELIMITER ;
/*!50003 SET sql_mode              = @saved_sql_mode */ ;
/*!50003 SET character_set_client  = @saved_cs_client */ ;
/*!50003 SET character_set_results = @saved_cs_results */ ;
/*!50003 SET collation_connection  = @saved_col_connection */ ;

--
-- Temporary view structure for view `recent`
--

DROP TABLE IF EXISTS `recent`;
/*!50001 DROP VIEW IF EXISTS `recent`*/;
SET @saved_cs_client     = @@character_set_client;
/*!50503 SET character_set_client = utf8mb4 */;
/*!50001 CREATE VIEW `recent` AS SELECT 
 1 AS `event_title`,
 1 AS `location`,
 1 AS `start_date`,
 1 AS `start_time`*/;
SET character_set_client = @saved_cs_client;

--
-- Table structure for table `recurrent_event`
--

DROP TABLE IF EXISTS `recurrent_event`;
/*!40101 SET @saved_cs_client     = @@character_set_client */;
/*!50503 SET character_set_client = utf8mb4 */;
CREATE TABLE `recurrent_event` (
  `Source_entry_id` int NOT NULL,
  `start_date` date NOT NULL,
  `end_date` date NOT NULL,
  PRIMARY KEY (`Source_entry_id`,`start_date`),
  CONSTRAINT `recurrent_event_ibfk_1` FOREIGN KEY (`Source_entry_id`) REFERENCES `recurring_event_pattern` (`Event_id`) ON DELETE CASCADE ON UPDATE CASCADE
) ENGINE=InnoDB DEFAULT CHARSET=utf8mb4 COLLATE=utf8mb4_0900_ai_ci;
/*!40101 SET character_set_client = @saved_cs_client */;

--
-- Dumping data for table `recurrent_event`
--

LOCK TABLES `recurrent_event` WRITE;
/*!40000 ALTER TABLE `recurrent_event` DISABLE KEYS */;
INSERT INTO `recurrent_event` VALUES (1,'2021-04-20','2021-04-20'),(1,'2022-04-20','2022-04-20'),(1,'2023-04-20','2023-04-20'),(1,'2024-04-20','2024-04-20'),(1,'2025-04-20','2025-04-20'),(1,'2026-04-20','2026-04-20'),(1,'2027-04-20','2027-04-20'),(1,'2028-04-20','2028-04-20'),(1,'2029-04-20','2029-04-20'),(1,'2030-04-20','2030-04-20'),(1,'2031-04-20','2031-04-20'),(1,'2032-04-20','2032-04-20'),(1,'2033-04-20','2033-04-20'),(1,'2034-04-20','2034-04-20'),(1,'2035-04-20','2035-04-20'),(1,'2036-04-20','2036-04-20'),(1,'2037-04-20','2037-04-20'),(1,'2038-04-20','2038-04-20'),(1,'2039-04-20','2039-04-20'),(1,'2040-04-20','2040-04-20'),(1,'2041-04-20','2041-04-20'),(1,'2042-04-20','2042-04-20'),(1,'2043-04-20','2043-04-20'),(1,'2044-04-20','2044-04-20'),(1,'2045-04-20','2045-04-20'),(1,'2046-04-20','2046-04-20'),(1,'2047-04-20','2047-04-20'),(1,'2048-04-20','2048-04-20'),(1,'2049-04-20','2049-04-20'),(1,'2050-04-20','2050-04-20'),(1,'2051-04-20','2051-04-20'),(1,'2052-04-20','2052-04-20'),(1,'2053-04-20','2053-04-20'),(1,'2054-04-20','2054-04-20'),(1,'2055-04-20','2055-04-20'),(1,'2056-04-20','2056-04-20'),(1,'2057-04-20','2057-04-20'),(1,'2058-04-20','2058-04-20'),(1,'2059-04-20','2059-04-20'),(1,'2060-04-20','2060-04-20'),(1,'2061-04-20','2061-04-20'),(1,'2062-04-20','2062-04-20'),(1,'2063-04-20','2063-04-20'),(1,'2064-04-20','2064-04-20'),(1,'2065-04-20','2065-04-20'),(1,'2066-04-20','2066-04-20'),(1,'2067-04-20','2067-04-20'),(1,'2068-04-20','2068-04-20'),(1,'2069-04-20','2069-04-20'),(1,'2070-04-20','2070-04-20'),(1,'2071-04-20','2071-04-20'),(1,'2072-04-20','2072-04-20'),(1,'2073-04-20','2073-04-20'),(1,'2074-04-20','2074-04-20'),(1,'2075-04-20','2075-04-20'),(1,'2076-04-20','2076-04-20'),(1,'2077-04-20','2077-04-20'),(1,'2078-04-20','2078-04-20'),(1,'2079-04-20','2079-04-20'),(1,'2080-04-20','2080-04-20'),(1,'2081-04-20','2081-04-20'),(1,'2082-04-20','2082-04-20'),(1,'2083-04-20','2083-04-20'),(1,'2084-04-20','2084-04-20'),(1,'2085-04-20','2085-04-20'),(1,'2086-04-20','2086-04-20'),(1,'2087-04-20','2087-04-20'),(1,'2088-04-20','2088-04-20'),(1,'2089-04-20','2089-04-20'),(1,'2090-04-20','2090-04-20'),(1,'2091-04-20','2091-04-20'),(1,'2092-04-20','2092-04-20'),(1,'2093-04-20','2093-04-20'),(1,'2094-04-20','2094-04-20'),(1,'2095-04-20','2095-04-20'),(1,'2096-04-20','2096-04-20'),(1,'2097-04-20','2097-04-20'),(1,'2098-04-20','2098-04-20'),(1,'2099-04-20','2099-04-20'),(1,'2100-04-20','2100-04-20'),(1,'2101-04-20','2101-04-20'),(1,'2102-04-20','2102-04-20'),(1,'2103-04-20','2103-04-20'),(1,'2104-04-20','2104-04-20'),(1,'2105-04-20','2105-04-20'),(1,'2106-04-20','2106-04-20'),(1,'2107-04-20','2107-04-20'),(1,'2108-04-20','2108-04-20'),(1,'2109-04-20','2109-04-20'),(1,'2110-04-20','2110-04-20'),(1,'2111-04-20','2111-04-20'),(1,'2112-04-20','2112-04-20'),(1,'2113-04-20','2113-04-20'),(1,'2114-04-20','2114-04-20'),(1,'2115-04-20','2115-04-20'),(1,'2116-04-20','2116-04-20'),(1,'2117-04-20','2117-04-20'),(1,'2118-04-20','2118-04-20'),(1,'2119-04-20','2119-04-20'),(1,'2120-04-20','2120-04-20'),(6,'2021-04-20','2021-04-20'),(6,'2022-04-20','2022-04-20'),(6,'2023-04-20','2023-04-20'),(6,'2024-04-20','2024-04-20'),(6,'2025-04-20','2025-04-20'),(6,'2026-04-20','2026-04-20'),(6,'2027-04-20','2027-04-20'),(6,'2028-04-20','2028-04-20'),(6,'2029-04-20','2029-04-20'),(6,'2030-04-20','2030-04-20'),(6,'2031-04-20','2031-04-20'),(6,'2032-04-20','2032-04-20'),(6,'2033-04-20','2033-04-20'),(6,'2034-04-20','2034-04-20'),(6,'2035-04-20','2035-04-20'),(6,'2036-04-20','2036-04-20'),(6,'2037-04-20','2037-04-20'),(6,'2038-04-20','2038-04-20'),(6,'2039-04-20','2039-04-20'),(6,'2040-04-20','2040-04-20'),(6,'2041-04-20','2041-04-20'),(6,'2042-04-20','2042-04-20'),(6,'2043-04-20','2043-04-20'),(6,'2044-04-20','2044-04-20'),(6,'2045-04-20','2045-04-20'),(6,'2046-04-20','2046-04-20'),(6,'2047-04-20','2047-04-20'),(6,'2048-04-20','2048-04-20'),(6,'2049-04-20','2049-04-20'),(6,'2050-04-20','2050-04-20'),(6,'2051-04-20','2051-04-20'),(6,'2052-04-20','2052-04-20'),(6,'2053-04-20','2053-04-20'),(6,'2054-04-20','2054-04-20'),(6,'2055-04-20','2055-04-20'),(6,'2056-04-20','2056-04-20'),(6,'2057-04-20','2057-04-20'),(6,'2058-04-20','2058-04-20'),(6,'2059-04-20','2059-04-20'),(6,'2060-04-20','2060-04-20'),(6,'2061-04-20','2061-04-20'),(6,'2062-04-20','2062-04-20'),(6,'2063-04-20','2063-04-20'),(6,'2064-04-20','2064-04-20'),(6,'2065-04-20','2065-04-20'),(6,'2066-04-20','2066-04-20'),(6,'2067-04-20','2067-04-20'),(6,'2068-04-20','2068-04-20'),(6,'2069-04-20','2069-04-20'),(6,'2070-04-20','2070-04-20'),(6,'2071-04-20','2071-04-20'),(6,'2072-04-20','2072-04-20'),(6,'2073-04-20','2073-04-20'),(6,'2074-04-20','2074-04-20'),(6,'2075-04-20','2075-04-20'),(6,'2076-04-20','2076-04-20'),(6,'2077-04-20','2077-04-20'),(6,'2078-04-20','2078-04-20'),(6,'2079-04-20','2079-04-20'),(6,'2080-04-20','2080-04-20'),(6,'2081-04-20','2081-04-20'),(6,'2082-04-20','2082-04-20'),(6,'2083-04-20','2083-04-20'),(6,'2084-04-20','2084-04-20'),(6,'2085-04-20','2085-04-20'),(6,'2086-04-20','2086-04-20'),(6,'2087-04-20','2087-04-20'),(6,'2088-04-20','2088-04-20'),(6,'2089-04-20','2089-04-20'),(6,'2090-04-20','2090-04-20'),(6,'2091-04-20','2091-04-20'),(6,'2092-04-20','2092-04-20'),(6,'2093-04-20','2093-04-20'),(6,'2094-04-20','2094-04-20'),(6,'2095-04-20','2095-04-20'),(6,'2096-04-20','2096-04-20'),(6,'2097-04-20','2097-04-20'),(6,'2098-04-20','2098-04-20'),(6,'2099-04-20','2099-04-20'),(6,'2100-04-20','2100-04-20'),(6,'2101-04-20','2101-04-20'),(6,'2102-04-20','2102-04-20'),(6,'2103-04-20','2103-04-20'),(6,'2104-04-20','2104-04-20'),(6,'2105-04-20','2105-04-20'),(6,'2106-04-20','2106-04-20'),(6,'2107-04-20','2107-04-20'),(6,'2108-04-20','2108-04-20'),(6,'2109-04-20','2109-04-20'),(6,'2110-04-20','2110-04-20'),(6,'2111-04-20','2111-04-20'),(6,'2112-04-20','2112-04-20'),(6,'2113-04-20','2113-04-20'),(6,'2114-04-20','2114-04-20'),(6,'2115-04-20','2115-04-20'),(6,'2116-04-20','2116-04-20'),(6,'2117-04-20','2117-04-20'),(6,'2118-04-20','2118-04-20'),(6,'2119-04-20','2119-04-20'),(6,'2120-04-20','2120-04-20'),(9,'2021-04-20','2021-04-20'),(9,'2022-04-20','2022-04-20'),(9,'2023-04-20','2023-04-20'),(9,'2024-04-20','2024-04-20'),(9,'2025-04-20','2025-04-20'),(9,'2026-04-20','2026-04-20'),(9,'2027-04-20','2027-04-20'),(9,'2028-04-20','2028-04-20'),(9,'2029-04-20','2029-04-20'),(9,'2030-04-20','2030-04-20'),(9,'2031-04-20','2031-04-20'),(9,'2032-04-20','2032-04-20'),(9,'2033-04-20','2033-04-20'),(9,'2034-04-20','2034-04-20'),(9,'2035-04-20','2035-04-20'),(9,'2036-04-20','2036-04-20'),(9,'2037-04-20','2037-04-20'),(9,'2038-04-20','2038-04-20'),(9,'2039-04-20','2039-04-20'),(9,'2040-04-20','2040-04-20'),(9,'2041-04-20','2041-04-20'),(9,'2042-04-20','2042-04-20'),(9,'2043-04-20','2043-04-20'),(9,'2044-04-20','2044-04-20'),(9,'2045-04-20','2045-04-20'),(9,'2046-04-20','2046-04-20'),(9,'2047-04-20','2047-04-20'),(9,'2048-04-20','2048-04-20'),(9,'2049-04-20','2049-04-20'),(9,'2050-04-20','2050-04-20'),(9,'2051-04-20','2051-04-20'),(9,'2052-04-20','2052-04-20'),(9,'2053-04-20','2053-04-20'),(9,'2054-04-20','2054-04-20'),(9,'2055-04-20','2055-04-20'),(9,'2056-04-20','2056-04-20'),(9,'2057-04-20','2057-04-20'),(9,'2058-04-20','2058-04-20'),(9,'2059-04-20','2059-04-20'),(9,'2060-04-20','2060-04-20'),(9,'2061-04-20','2061-04-20'),(9,'2062-04-20','2062-04-20'),(9,'2063-04-20','2063-04-20'),(9,'2064-04-20','2064-04-20'),(9,'2065-04-20','2065-04-20'),(9,'2066-04-20','2066-04-20'),(9,'2067-04-20','2067-04-20'),(9,'2068-04-20','2068-04-20'),(9,'2069-04-20','2069-04-20'),(9,'2070-04-20','2070-04-20'),(9,'2071-04-20','2071-04-20'),(9,'2072-04-20','2072-04-20'),(9,'2073-04-20','2073-04-20'),(9,'2074-04-20','2074-04-20'),(9,'2075-04-20','2075-04-20'),(9,'2076-04-20','2076-04-20'),(9,'2077-04-20','2077-04-20'),(9,'2078-04-20','2078-04-20'),(9,'2079-04-20','2079-04-20'),(9,'2080-04-20','2080-04-20'),(9,'2081-04-20','2081-04-20'),(9,'2082-04-20','2082-04-20'),(9,'2083-04-20','2083-04-20'),(9,'2084-04-20','2084-04-20'),(9,'2085-04-20','2085-04-20'),(9,'2086-04-20','2086-04-20'),(9,'2087-04-20','2087-04-20'),(9,'2088-04-20','2088-04-20'),(9,'2089-04-20','2089-04-20'),(9,'2090-04-20','2090-04-20'),(9,'2091-04-20','2091-04-20'),(9,'2092-04-20','2092-04-20'),(9,'2093-04-20','2093-04-20'),(9,'2094-04-20','2094-04-20'),(9,'2095-04-20','2095-04-20'),(9,'2096-04-20','2096-04-20'),(9,'2097-04-20','2097-04-20'),(9,'2098-04-20','2098-04-20'),(9,'2099-04-20','2099-04-20'),(9,'2100-04-20','2100-04-20'),(9,'2101-04-20','2101-04-20'),(9,'2102-04-20','2102-04-20'),(9,'2103-04-20','2103-04-20'),(9,'2104-04-20','2104-04-20'),(9,'2105-04-20','2105-04-20'),(9,'2106-04-20','2106-04-20'),(9,'2107-04-20','2107-04-20'),(9,'2108-04-20','2108-04-20'),(9,'2109-04-20','2109-04-20'),(9,'2110-04-20','2110-04-20'),(9,'2111-04-20','2111-04-20'),(9,'2112-04-20','2112-04-20'),(9,'2113-04-20','2113-04-20'),(9,'2114-04-20','2114-04-20'),(9,'2115-04-20','2115-04-20'),(9,'2116-04-20','2116-04-20'),(9,'2117-04-20','2117-04-20'),(9,'2118-04-20','2118-04-20'),(9,'2119-04-20','2119-04-20'),(9,'2120-04-20','2120-04-20'),(11,'2021-04-20','2021-04-20'),(11,'2022-04-20','2022-04-20'),(11,'2023-04-20','2023-04-20'),(11,'2024-04-20','2024-04-20'),(11,'2025-04-20','2025-04-20'),(11,'2026-04-20','2026-04-20'),(11,'2027-04-20','2027-04-20'),(11,'2028-04-20','2028-04-20'),(11,'2029-04-20','2029-04-20'),(11,'2030-04-20','2030-04-20'),(11,'2031-04-20','2031-04-20'),(11,'2032-04-20','2032-04-20'),(11,'2033-04-20','2033-04-20'),(11,'2034-04-20','2034-04-20'),(11,'2035-04-20','2035-04-20'),(11,'2036-04-20','2036-04-20'),(11,'2037-04-20','2037-04-20'),(11,'2038-04-20','2038-04-20'),(11,'2039-04-20','2039-04-20'),(11,'2040-04-20','2040-04-20'),(11,'2041-04-20','2041-04-20'),(11,'2042-04-20','2042-04-20'),(11,'2043-04-20','2043-04-20'),(11,'2044-04-20','2044-04-20'),(11,'2045-04-20','2045-04-20'),(11,'2046-04-20','2046-04-20'),(11,'2047-04-20','2047-04-20'),(11,'2048-04-20','2048-04-20'),(11,'2049-04-20','2049-04-20'),(11,'2050-04-20','2050-04-20'),(11,'2051-04-20','2051-04-20'),(11,'2052-04-20','2052-04-20'),(11,'2053-04-20','2053-04-20'),(11,'2054-04-20','2054-04-20'),(11,'2055-04-20','2055-04-20'),(11,'2056-04-20','2056-04-20'),(11,'2057-04-20','2057-04-20'),(11,'2058-04-20','2058-04-20'),(11,'2059-04-20','2059-04-20'),(11,'2060-04-20','2060-04-20'),(11,'2061-04-20','2061-04-20'),(11,'2062-04-20','2062-04-20'),(11,'2063-04-20','2063-04-20'),(11,'2064-04-20','2064-04-20'),(11,'2065-04-20','2065-04-20'),(11,'2066-04-20','2066-04-20'),(11,'2067-04-20','2067-04-20'),(11,'2068-04-20','2068-04-20'),(11,'2069-04-20','2069-04-20'),(11,'2070-04-20','2070-04-20'),(11,'2071-04-20','2071-04-20'),(11,'2072-04-20','2072-04-20'),(11,'2073-04-20','2073-04-20'),(11,'2074-04-20','2074-04-20'),(11,'2075-04-20','2075-04-20'),(11,'2076-04-20','2076-04-20'),(11,'2077-04-20','2077-04-20'),(11,'2078-04-20','2078-04-20'),(11,'2079-04-20','2079-04-20'),(11,'2080-04-20','2080-04-20'),(11,'2081-04-20','2081-04-20'),(11,'2082-04-20','2082-04-20'),(11,'2083-04-20','2083-04-20'),(11,'2084-04-20','2084-04-20'),(11,'2085-04-20','2085-04-20'),(11,'2086-04-20','2086-04-20'),(11,'2087-04-20','2087-04-20'),(11,'2088-04-20','2088-04-20'),(11,'2089-04-20','2089-04-20'),(11,'2090-04-20','2090-04-20'),(11,'2091-04-20','2091-04-20'),(11,'2092-04-20','2092-04-20'),(11,'2093-04-20','2093-04-20'),(11,'2094-04-20','2094-04-20'),(11,'2095-04-20','2095-04-20'),(11,'2096-04-20','2096-04-20'),(11,'2097-04-20','2097-04-20'),(11,'2098-04-20','2098-04-20'),(11,'2099-04-20','2099-04-20'),(11,'2100-04-20','2100-04-20'),(11,'2101-04-20','2101-04-20'),(11,'2102-04-20','2102-04-20'),(11,'2103-04-20','2103-04-20'),(11,'2104-04-20','2104-04-20'),(11,'2105-04-20','2105-04-20'),(11,'2106-04-20','2106-04-20'),(11,'2107-04-20','2107-04-20'),(11,'2108-04-20','2108-04-20'),(11,'2109-04-20','2109-04-20'),(11,'2110-04-20','2110-04-20'),(11,'2111-04-20','2111-04-20'),(11,'2112-04-20','2112-04-20'),(11,'2113-04-20','2113-04-20'),(11,'2114-04-20','2114-04-20'),(11,'2115-04-20','2115-04-20'),(11,'2116-04-20','2116-04-20'),(11,'2117-04-20','2117-04-20'),(11,'2118-04-20','2118-04-20'),(11,'2119-04-20','2119-04-20'),(11,'2120-04-20','2120-04-20'),(12,'2021-04-20','2021-04-20'),(12,'2022-04-20','2022-04-20'),(12,'2023-04-20','2023-04-20'),(12,'2024-04-20','2024-04-20'),(12,'2025-04-20','2025-04-20'),(12,'2026-04-20','2026-04-20'),(12,'2027-04-20','2027-04-20'),(12,'2028-04-20','2028-04-20'),(12,'2029-04-20','2029-04-20'),(12,'2030-04-20','2030-04-20'),(12,'2031-04-20','2031-04-20'),(12,'2032-04-20','2032-04-20'),(12,'2033-04-20','2033-04-20'),(12,'2034-04-20','2034-04-20'),(12,'2035-04-20','2035-04-20'),(12,'2036-04-20','2036-04-20'),(12,'2037-04-20','2037-04-20'),(12,'2038-04-20','2038-04-20'),(12,'2039-04-20','2039-04-20'),(12,'2040-04-20','2040-04-20'),(12,'2041-04-20','2041-04-20'),(12,'2042-04-20','2042-04-20'),(12,'2043-04-20','2043-04-20'),(12,'2044-04-20','2044-04-20'),(12,'2045-04-20','2045-04-20'),(12,'2046-04-20','2046-04-20'),(12,'2047-04-20','2047-04-20'),(12,'2048-04-20','2048-04-20'),(12,'2049-04-20','2049-04-20'),(12,'2050-04-20','2050-04-20'),(12,'2051-04-20','2051-04-20'),(12,'2052-04-20','2052-04-20'),(12,'2053-04-20','2053-04-20'),(12,'2054-04-20','2054-04-20'),(12,'2055-04-20','2055-04-20'),(12,'2056-04-20','2056-04-20'),(12,'2057-04-20','2057-04-20'),(12,'2058-04-20','2058-04-20'),(12,'2059-04-20','2059-04-20'),(12,'2060-04-20','2060-04-20'),(12,'2061-04-20','2061-04-20'),(12,'2062-04-20','2062-04-20'),(12,'2063-04-20','2063-04-20'),(12,'2064-04-20','2064-04-20'),(12,'2065-04-20','2065-04-20'),(12,'2066-04-20','2066-04-20'),(12,'2067-04-20','2067-04-20'),(12,'2068-04-20','2068-04-20'),(12,'2069-04-20','2069-04-20'),(12,'2070-04-20','2070-04-20'),(12,'2071-04-20','2071-04-20'),(12,'2072-04-20','2072-04-20'),(12,'2073-04-20','2073-04-20'),(12,'2074-04-20','2074-04-20'),(12,'2075-04-20','2075-04-20'),(12,'2076-04-20','2076-04-20'),(12,'2077-04-20','2077-04-20'),(12,'2078-04-20','2078-04-20'),(12,'2079-04-20','2079-04-20'),(12,'2080-04-20','2080-04-20'),(12,'2081-04-20','2081-04-20'),(12,'2082-04-20','2082-04-20'),(12,'2083-04-20','2083-04-20'),(12,'2084-04-20','2084-04-20'),(12,'2085-04-20','2085-04-20'),(12,'2086-04-20','2086-04-20'),(12,'2087-04-20','2087-04-20'),(12,'2088-04-20','2088-04-20'),(12,'2089-04-20','2089-04-20'),(12,'2090-04-20','2090-04-20'),(12,'2091-04-20','2091-04-20'),(12,'2092-04-20','2092-04-20'),(12,'2093-04-20','2093-04-20'),(12,'2094-04-20','2094-04-20'),(12,'2095-04-20','2095-04-20'),(12,'2096-04-20','2096-04-20'),(12,'2097-04-20','2097-04-20'),(12,'2098-04-20','2098-04-20'),(12,'2099-04-20','2099-04-20'),(12,'2100-04-20','2100-04-20'),(12,'2101-04-20','2101-04-20'),(12,'2102-04-20','2102-04-20'),(12,'2103-04-20','2103-04-20'),(12,'2104-04-20','2104-04-20'),(12,'2105-04-20','2105-04-20'),(12,'2106-04-20','2106-04-20'),(12,'2107-04-20','2107-04-20'),(12,'2108-04-20','2108-04-20'),(12,'2109-04-20','2109-04-20'),(12,'2110-04-20','2110-04-20'),(12,'2111-04-20','2111-04-20'),(12,'2112-04-20','2112-04-20'),(12,'2113-04-20','2113-04-20'),(12,'2114-04-20','2114-04-20'),(12,'2115-04-20','2115-04-20'),(12,'2116-04-20','2116-04-20'),(12,'2117-04-20','2117-04-20'),(12,'2118-04-20','2118-04-20'),(12,'2119-04-20','2119-04-20'),(12,'2120-04-20','2120-04-20'),(18,'2021-04-20','2021-04-20'),(18,'2022-04-20','2022-04-20'),(18,'2023-04-20','2023-04-20'),(18,'2024-04-20','2024-04-20'),(18,'2025-04-20','2025-04-20'),(18,'2026-04-20','2026-04-20'),(18,'2027-04-20','2027-04-20'),(18,'2028-04-20','2028-04-20'),(18,'2029-04-20','2029-04-20'),(18,'2030-04-20','2030-04-20'),(18,'2031-04-20','2031-04-20'),(18,'2032-04-20','2032-04-20'),(18,'2033-04-20','2033-04-20'),(18,'2034-04-20','2034-04-20'),(18,'2035-04-20','2035-04-20'),(18,'2036-04-20','2036-04-20'),(18,'2037-04-20','2037-04-20'),(18,'2038-04-20','2038-04-20'),(18,'2039-04-20','2039-04-20'),(18,'2040-04-20','2040-04-20'),(18,'2041-04-20','2041-04-20'),(18,'2042-04-20','2042-04-20'),(18,'2043-04-20','2043-04-20'),(18,'2044-04-20','2044-04-20'),(18,'2045-04-20','2045-04-20'),(18,'2046-04-20','2046-04-20'),(18,'2047-04-20','2047-04-20'),(18,'2048-04-20','2048-04-20'),(18,'2049-04-20','2049-04-20'),(18,'2050-04-20','2050-04-20'),(18,'2051-04-20','2051-04-20'),(18,'2052-04-20','2052-04-20'),(18,'2053-04-20','2053-04-20'),(18,'2054-04-20','2054-04-20'),(18,'2055-04-20','2055-04-20'),(18,'2056-04-20','2056-04-20'),(18,'2057-04-20','2057-04-20'),(18,'2058-04-20','2058-04-20'),(18,'2059-04-20','2059-04-20'),(18,'2060-04-20','2060-04-20'),(18,'2061-04-20','2061-04-20'),(18,'2062-04-20','2062-04-20'),(18,'2063-04-20','2063-04-20'),(18,'2064-04-20','2064-04-20'),(18,'2065-04-20','2065-04-20'),(18,'2066-04-20','2066-04-20'),(18,'2067-04-20','2067-04-20'),(18,'2068-04-20','2068-04-20'),(18,'2069-04-20','2069-04-20'),(18,'2070-04-20','2070-04-20'),(18,'2071-04-20','2071-04-20'),(18,'2072-04-20','2072-04-20'),(18,'2073-04-20','2073-04-20'),(18,'2074-04-20','2074-04-20'),(18,'2075-04-20','2075-04-20'),(18,'2076-04-20','2076-04-20'),(18,'2077-04-20','2077-04-20'),(18,'2078-04-20','2078-04-20'),(18,'2079-04-20','2079-04-20'),(18,'2080-04-20','2080-04-20'),(18,'2081-04-20','2081-04-20'),(18,'2082-04-20','2082-04-20'),(18,'2083-04-20','2083-04-20'),(18,'2084-04-20','2084-04-20'),(18,'2085-04-20','2085-04-20'),(18,'2086-04-20','2086-04-20'),(18,'2087-04-20','2087-04-20'),(18,'2088-04-20','2088-04-20'),(18,'2089-04-20','2089-04-20'),(18,'2090-04-20','2090-04-20'),(18,'2091-04-20','2091-04-20'),(18,'2092-04-20','2092-04-20'),(18,'2093-04-20','2093-04-20'),(18,'2094-04-20','2094-04-20'),(18,'2095-04-20','2095-04-20'),(18,'2096-04-20','2096-04-20'),(18,'2097-04-20','2097-04-20'),(18,'2098-04-20','2098-04-20'),(18,'2099-04-20','2099-04-20'),(18,'2100-04-20','2100-04-20'),(18,'2101-04-20','2101-04-20'),(18,'2102-04-20','2102-04-20'),(18,'2103-04-20','2103-04-20'),(18,'2104-04-20','2104-04-20'),(18,'2105-04-20','2105-04-20'),(18,'2106-04-20','2106-04-20'),(18,'2107-04-20','2107-04-20'),(18,'2108-04-20','2108-04-20'),(18,'2109-04-20','2109-04-20'),(18,'2110-04-20','2110-04-20'),(18,'2111-04-20','2111-04-20'),(18,'2112-04-20','2112-04-20'),(18,'2113-04-20','2113-04-20'),(18,'2114-04-20','2114-04-20'),(18,'2115-04-20','2115-04-20'),(18,'2116-04-20','2116-04-20'),(18,'2117-04-20','2117-04-20'),(18,'2118-04-20','2118-04-20'),(18,'2119-04-20','2119-04-20'),(18,'2120-04-20','2120-04-20'),(23,'2021-04-20','2021-04-20'),(23,'2022-04-20','2022-04-20'),(23,'2023-04-20','2023-04-20'),(23,'2024-04-20','2024-04-20'),(23,'2025-04-20','2025-04-20'),(23,'2026-04-20','2026-04-20'),(23,'2027-04-20','2027-04-20'),(23,'2028-04-20','2028-04-20'),(23,'2029-04-20','2029-04-20'),(23,'2030-04-20','2030-04-20'),(23,'2031-04-20','2031-04-20'),(23,'2032-04-20','2032-04-20'),(23,'2033-04-20','2033-04-20'),(23,'2034-04-20','2034-04-20'),(23,'2035-04-20','2035-04-20'),(23,'2036-04-20','2036-04-20'),(23,'2037-04-20','2037-04-20'),(23,'2038-04-20','2038-04-20'),(23,'2039-04-20','2039-04-20'),(23,'2040-04-20','2040-04-20'),(23,'2041-04-20','2041-04-20'),(23,'2042-04-20','2042-04-20'),(23,'2043-04-20','2043-04-20'),(23,'2044-04-20','2044-04-20'),(23,'2045-04-20','2045-04-20'),(23,'2046-04-20','2046-04-20'),(23,'2047-04-20','2047-04-20'),(23,'2048-04-20','2048-04-20'),(23,'2049-04-20','2049-04-20'),(23,'2050-04-20','2050-04-20'),(23,'2051-04-20','2051-04-20'),(23,'2052-04-20','2052-04-20'),(23,'2053-04-20','2053-04-20'),(23,'2054-04-20','2054-04-20'),(23,'2055-04-20','2055-04-20'),(23,'2056-04-20','2056-04-20'),(23,'2057-04-20','2057-04-20'),(23,'2058-04-20','2058-04-20'),(23,'2059-04-20','2059-04-20'),(23,'2060-04-20','2060-04-20'),(23,'2061-04-20','2061-04-20'),(23,'2062-04-20','2062-04-20'),(23,'2063-04-20','2063-04-20'),(23,'2064-04-20','2064-04-20'),(23,'2065-04-20','2065-04-20'),(23,'2066-04-20','2066-04-20'),(23,'2067-04-20','2067-04-20'),(23,'2068-04-20','2068-04-20'),(23,'2069-04-20','2069-04-20'),(23,'2070-04-20','2070-04-20'),(23,'2071-04-20','2071-04-20'),(23,'2072-04-20','2072-04-20'),(23,'2073-04-20','2073-04-20'),(23,'2074-04-20','2074-04-20'),(23,'2075-04-20','2075-04-20'),(23,'2076-04-20','2076-04-20'),(23,'2077-04-20','2077-04-20'),(23,'2078-04-20','2078-04-20'),(23,'2079-04-20','2079-04-20'),(23,'2080-04-20','2080-04-20'),(23,'2081-04-20','2081-04-20'),(23,'2082-04-20','2082-04-20'),(23,'2083-04-20','2083-04-20'),(23,'2084-04-20','2084-04-20'),(23,'2085-04-20','2085-04-20'),(23,'2086-04-20','2086-04-20'),(23,'2087-04-20','2087-04-20'),(23,'2088-04-20','2088-04-20'),(23,'2089-04-20','2089-04-20'),(23,'2090-04-20','2090-04-20'),(23,'2091-04-20','2091-04-20'),(23,'2092-04-20','2092-04-20'),(23,'2093-04-20','2093-04-20'),(23,'2094-04-20','2094-04-20'),(23,'2095-04-20','2095-04-20'),(23,'2096-04-20','2096-04-20'),(23,'2097-04-20','2097-04-20'),(23,'2098-04-20','2098-04-20'),(23,'2099-04-20','2099-04-20'),(23,'2100-04-20','2100-04-20'),(23,'2101-04-20','2101-04-20'),(23,'2102-04-20','2102-04-20'),(23,'2103-04-20','2103-04-20'),(23,'2104-04-20','2104-04-20'),(23,'2105-04-20','2105-04-20'),(23,'2106-04-20','2106-04-20'),(23,'2107-04-20','2107-04-20'),(23,'2108-04-20','2108-04-20'),(23,'2109-04-20','2109-04-20'),(23,'2110-04-20','2110-04-20'),(23,'2111-04-20','2111-04-20'),(23,'2112-04-20','2112-04-20'),(23,'2113-04-20','2113-04-20'),(23,'2114-04-20','2114-04-20'),(23,'2115-04-20','2115-04-20'),(23,'2116-04-20','2116-04-20'),(23,'2117-04-20','2117-04-20'),(23,'2118-04-20','2118-04-20'),(23,'2119-04-20','2119-04-20'),(23,'2120-04-20','2120-04-20'),(27,'2021-04-20','2021-04-20'),(27,'2022-04-20','2022-04-20'),(27,'2023-04-20','2023-04-20'),(27,'2024-04-20','2024-04-20'),(27,'2025-04-20','2025-04-20'),(27,'2026-04-20','2026-04-20'),(27,'2027-04-20','2027-04-20'),(27,'2028-04-20','2028-04-20'),(27,'2029-04-20','2029-04-20'),(27,'2030-04-20','2030-04-20'),(27,'2031-04-20','2031-04-20'),(27,'2032-04-20','2032-04-20'),(27,'2033-04-20','2033-04-20'),(27,'2034-04-20','2034-04-20'),(27,'2035-04-20','2035-04-20'),(27,'2036-04-20','2036-04-20'),(27,'2037-04-20','2037-04-20'),(27,'2038-04-20','2038-04-20'),(27,'2039-04-20','2039-04-20'),(27,'2040-04-20','2040-04-20'),(27,'2041-04-20','2041-04-20'),(27,'2042-04-20','2042-04-20'),(27,'2043-04-20','2043-04-20'),(27,'2044-04-20','2044-04-20'),(27,'2045-04-20','2045-04-20'),(27,'2046-04-20','2046-04-20'),(27,'2047-04-20','2047-04-20'),(27,'2048-04-20','2048-04-20'),(27,'2049-04-20','2049-04-20'),(27,'2050-04-20','2050-04-20'),(27,'2051-04-20','2051-04-20'),(27,'2052-04-20','2052-04-20'),(27,'2053-04-20','2053-04-20'),(27,'2054-04-20','2054-04-20'),(27,'2055-04-20','2055-04-20'),(27,'2056-04-20','2056-04-20'),(27,'2057-04-20','2057-04-20'),(27,'2058-04-20','2058-04-20'),(27,'2059-04-20','2059-04-20'),(27,'2060-04-20','2060-04-20'),(27,'2061-04-20','2061-04-20'),(27,'2062-04-20','2062-04-20'),(27,'2063-04-20','2063-04-20'),(27,'2064-04-20','2064-04-20'),(27,'2065-04-20','2065-04-20'),(27,'2066-04-20','2066-04-20'),(27,'2067-04-20','2067-04-20'),(27,'2068-04-20','2068-04-20'),(27,'2069-04-20','2069-04-20'),(27,'2070-04-20','2070-04-20'),(27,'2071-04-20','2071-04-20'),(27,'2072-04-20','2072-04-20'),(27,'2073-04-20','2073-04-20'),(27,'2074-04-20','2074-04-20'),(27,'2075-04-20','2075-04-20'),(27,'2076-04-20','2076-04-20'),(27,'2077-04-20','2077-04-20'),(27,'2078-04-20','2078-04-20'),(27,'2079-04-20','2079-04-20'),(27,'2080-04-20','2080-04-20'),(27,'2081-04-20','2081-04-20'),(27,'2082-04-20','2082-04-20'),(27,'2083-04-20','2083-04-20'),(27,'2084-04-20','2084-04-20'),(27,'2085-04-20','2085-04-20'),(27,'2086-04-20','2086-04-20'),(27,'2087-04-20','2087-04-20'),(27,'2088-04-20','2088-04-20'),(27,'2089-04-20','2089-04-20'),(27,'2090-04-20','2090-04-20'),(27,'2091-04-20','2091-04-20'),(27,'2092-04-20','2092-04-20'),(27,'2093-04-20','2093-04-20'),(27,'2094-04-20','2094-04-20'),(27,'2095-04-20','2095-04-20'),(27,'2096-04-20','2096-04-20'),(27,'2097-04-20','2097-04-20'),(27,'2098-04-20','2098-04-20'),(27,'2099-04-20','2099-04-20'),(27,'2100-04-20','2100-04-20'),(27,'2101-04-20','2101-04-20'),(27,'2102-04-20','2102-04-20'),(27,'2103-04-20','2103-04-20'),(27,'2104-04-20','2104-04-20'),(27,'2105-04-20','2105-04-20'),(27,'2106-04-20','2106-04-20'),(27,'2107-04-20','2107-04-20'),(27,'2108-04-20','2108-04-20'),(27,'2109-04-20','2109-04-20'),(27,'2110-04-20','2110-04-20'),(27,'2111-04-20','2111-04-20'),(27,'2112-04-20','2112-04-20'),(27,'2113-04-20','2113-04-20'),(27,'2114-04-20','2114-04-20'),(27,'2115-04-20','2115-04-20'),(27,'2116-04-20','2116-04-20'),(27,'2117-04-20','2117-04-20'),(27,'2118-04-20','2118-04-20'),(27,'2119-04-20','2119-04-20'),(27,'2120-04-20','2120-04-20'),(28,'2021-04-20','2021-04-20'),(28,'2022-04-20','2022-04-20'),(28,'2023-04-20','2023-04-20'),(28,'2024-04-20','2024-04-20'),(28,'2025-04-20','2025-04-20'),(28,'2026-04-20','2026-04-20'),(28,'2027-04-20','2027-04-20'),(28,'2028-04-20','2028-04-20'),(28,'2029-04-20','2029-04-20'),(28,'2030-04-20','2030-04-20'),(28,'2031-04-20','2031-04-20'),(28,'2032-04-20','2032-04-20'),(28,'2033-04-20','2033-04-20'),(28,'2034-04-20','2034-04-20'),(28,'2035-04-20','2035-04-20'),(28,'2036-04-20','2036-04-20'),(28,'2037-04-20','2037-04-20'),(28,'2038-04-20','2038-04-20'),(28,'2039-04-20','2039-04-20'),(28,'2040-04-20','2040-04-20'),(28,'2041-04-20','2041-04-20'),(28,'2042-04-20','2042-04-20'),(28,'2043-04-20','2043-04-20'),(28,'2044-04-20','2044-04-20'),(28,'2045-04-20','2045-04-20'),(28,'2046-04-20','2046-04-20'),(28,'2047-04-20','2047-04-20'),(28,'2048-04-20','2048-04-20'),(28,'2049-04-20','2049-04-20'),(28,'2050-04-20','2050-04-20'),(28,'2051-04-20','2051-04-20'),(28,'2052-04-20','2052-04-20'),(28,'2053-04-20','2053-04-20'),(28,'2054-04-20','2054-04-20'),(28,'2055-04-20','2055-04-20'),(28,'2056-04-20','2056-04-20'),(28,'2057-04-20','2057-04-20'),(28,'2058-04-20','2058-04-20'),(28,'2059-04-20','2059-04-20'),(28,'2060-04-20','2060-04-20'),(28,'2061-04-20','2061-04-20'),(28,'2062-04-20','2062-04-20'),(28,'2063-04-20','2063-04-20'),(28,'2064-04-20','2064-04-20'),(28,'2065-04-20','2065-04-20'),(28,'2066-04-20','2066-04-20'),(28,'2067-04-20','2067-04-20'),(28,'2068-04-20','2068-04-20'),(28,'2069-04-20','2069-04-20'),(28,'2070-04-20','2070-04-20'),(28,'2071-04-20','2071-04-20'),(28,'2072-04-20','2072-04-20'),(28,'2073-04-20','2073-04-20'),(28,'2074-04-20','2074-04-20'),(28,'2075-04-20','2075-04-20'),(28,'2076-04-20','2076-04-20'),(28,'2077-04-20','2077-04-20'),(28,'2078-04-20','2078-04-20'),(28,'2079-04-20','2079-04-20'),(28,'2080-04-20','2080-04-20'),(28,'2081-04-20','2081-04-20'),(28,'2082-04-20','2082-04-20'),(28,'2083-04-20','2083-04-20'),(28,'2084-04-20','2084-04-20'),(28,'2085-04-20','2085-04-20'),(28,'2086-04-20','2086-04-20'),(28,'2087-04-20','2087-04-20'),(28,'2088-04-20','2088-04-20'),(28,'2089-04-20','2089-04-20'),(28,'2090-04-20','2090-04-20'),(28,'2091-04-20','2091-04-20'),(28,'2092-04-20','2092-04-20'),(28,'2093-04-20','2093-04-20'),(28,'2094-04-20','2094-04-20'),(28,'2095-04-20','2095-04-20'),(28,'2096-04-20','2096-04-20'),(28,'2097-04-20','2097-04-20'),(28,'2098-04-20','2098-04-20'),(28,'2099-04-20','2099-04-20'),(28,'2100-04-20','2100-04-20'),(28,'2101-04-20','2101-04-20'),(28,'2102-04-20','2102-04-20'),(28,'2103-04-20','2103-04-20'),(28,'2104-04-20','2104-04-20'),(28,'2105-04-20','2105-04-20'),(28,'2106-04-20','2106-04-20'),(28,'2107-04-20','2107-04-20'),(28,'2108-04-20','2108-04-20'),(28,'2109-04-20','2109-04-20'),(28,'2110-04-20','2110-04-20'),(28,'2111-04-20','2111-04-20'),(28,'2112-04-20','2112-04-20'),(28,'2113-04-20','2113-04-20'),(28,'2114-04-20','2114-04-20'),(28,'2115-04-20','2115-04-20'),(28,'2116-04-20','2116-04-20'),(28,'2117-04-20','2117-04-20'),(28,'2118-04-20','2118-04-20'),(28,'2119-04-20','2119-04-20'),(28,'2120-04-20','2120-04-20'),(42,'2021-04-20','2021-04-20'),(42,'2022-04-20','2022-04-20'),(42,'2023-04-20','2023-04-20'),(42,'2024-04-20','2024-04-20'),(42,'2025-04-20','2025-04-20'),(42,'2026-04-20','2026-04-20'),(42,'2027-04-20','2027-04-20'),(42,'2028-04-20','2028-04-20'),(42,'2029-04-20','2029-04-20'),(42,'2030-04-20','2030-04-20'),(42,'2031-04-20','2031-04-20'),(42,'2032-04-20','2032-04-20'),(42,'2033-04-20','2033-04-20'),(42,'2034-04-20','2034-04-20'),(42,'2035-04-20','2035-04-20'),(42,'2036-04-20','2036-04-20'),(42,'2037-04-20','2037-04-20'),(42,'2038-04-20','2038-04-20'),(42,'2039-04-20','2039-04-20'),(42,'2040-04-20','2040-04-20'),(42,'2041-04-20','2041-04-20'),(42,'2042-04-20','2042-04-20'),(42,'2043-04-20','2043-04-20'),(42,'2044-04-20','2044-04-20'),(42,'2045-04-20','2045-04-20'),(42,'2046-04-20','2046-04-20'),(42,'2047-04-20','2047-04-20'),(42,'2048-04-20','2048-04-20'),(42,'2049-04-20','2049-04-20'),(42,'2050-04-20','2050-04-20'),(42,'2051-04-20','2051-04-20'),(42,'2052-04-20','2052-04-20'),(42,'2053-04-20','2053-04-20'),(42,'2054-04-20','2054-04-20'),(42,'2055-04-20','2055-04-20'),(42,'2056-04-20','2056-04-20'),(42,'2057-04-20','2057-04-20'),(42,'2058-04-20','2058-04-20'),(42,'2059-04-20','2059-04-20'),(42,'2060-04-20','2060-04-20'),(42,'2061-04-20','2061-04-20'),(42,'2062-04-20','2062-04-20'),(42,'2063-04-20','2063-04-20'),(42,'2064-04-20','2064-04-20'),(42,'2065-04-20','2065-04-20'),(42,'2066-04-20','2066-04-20'),(42,'2067-04-20','2067-04-20'),(42,'2068-04-20','2068-04-20'),(42,'2069-04-20','2069-04-20'),(42,'2070-04-20','2070-04-20'),(42,'2071-04-20','2071-04-20'),(42,'2072-04-20','2072-04-20'),(42,'2073-04-20','2073-04-20'),(42,'2074-04-20','2074-04-20'),(42,'2075-04-20','2075-04-20'),(42,'2076-04-20','2076-04-20'),(42,'2077-04-20','2077-04-20'),(42,'2078-04-20','2078-04-20'),(42,'2079-04-20','2079-04-20'),(42,'2080-04-20','2080-04-20'),(42,'2081-04-20','2081-04-20'),(42,'2082-04-20','2082-04-20'),(42,'2083-04-20','2083-04-20'),(42,'2084-04-20','2084-04-20'),(42,'2085-04-20','2085-04-20'),(42,'2086-04-20','2086-04-20'),(42,'2087-04-20','2087-04-20'),(42,'2088-04-20','2088-04-20'),(42,'2089-04-20','2089-04-20'),(42,'2090-04-20','2090-04-20'),(42,'2091-04-20','2091-04-20'),(42,'2092-04-20','2092-04-20'),(42,'2093-04-20','2093-04-20'),(42,'2094-04-20','2094-04-20'),(42,'2095-04-20','2095-04-20'),(42,'2096-04-20','2096-04-20'),(42,'2097-04-20','2097-04-20'),(42,'2098-04-20','2098-04-20'),(42,'2099-04-20','2099-04-20'),(42,'2100-04-20','2100-04-20'),(42,'2101-04-20','2101-04-20'),(42,'2102-04-20','2102-04-20'),(42,'2103-04-20','2103-04-20'),(42,'2104-04-20','2104-04-20'),(42,'2105-04-20','2105-04-20'),(42,'2106-04-20','2106-04-20'),(42,'2107-04-20','2107-04-20'),(42,'2108-04-20','2108-04-20'),(42,'2109-04-20','2109-04-20'),(42,'2110-04-20','2110-04-20'),(42,'2111-04-20','2111-04-20'),(42,'2112-04-20','2112-04-20'),(42,'2113-04-20','2113-04-20'),(42,'2114-04-20','2114-04-20'),(42,'2115-04-20','2115-04-20'),(42,'2116-04-20','2116-04-20'),(42,'2117-04-20','2117-04-20'),(42,'2118-04-20','2118-04-20'),(42,'2119-04-20','2119-04-20'),(42,'2120-04-20','2120-04-20'),(44,'2021-04-20','2021-04-20'),(44,'2022-04-20','2022-04-20'),(44,'2023-04-20','2023-04-20'),(44,'2024-04-20','2024-04-20'),(44,'2025-04-20','2025-04-20'),(44,'2026-04-20','2026-04-20'),(44,'2027-04-20','2027-04-20'),(44,'2028-04-20','2028-04-20'),(44,'2029-04-20','2029-04-20'),(44,'2030-04-20','2030-04-20'),(44,'2031-04-20','2031-04-20'),(44,'2032-04-20','2032-04-20'),(44,'2033-04-20','2033-04-20'),(44,'2034-04-20','2034-04-20'),(44,'2035-04-20','2035-04-20'),(44,'2036-04-20','2036-04-20'),(44,'2037-04-20','2037-04-20'),(44,'2038-04-20','2038-04-20'),(44,'2039-04-20','2039-04-20'),(44,'2040-04-20','2040-04-20'),(44,'2041-04-20','2041-04-20'),(44,'2042-04-20','2042-04-20'),(44,'2043-04-20','2043-04-20'),(44,'2044-04-20','2044-04-20'),(44,'2045-04-20','2045-04-20'),(44,'2046-04-20','2046-04-20'),(44,'2047-04-20','2047-04-20'),(44,'2048-04-20','2048-04-20'),(44,'2049-04-20','2049-04-20'),(44,'2050-04-20','2050-04-20'),(44,'2051-04-20','2051-04-20'),(44,'2052-04-20','2052-04-20'),(44,'2053-04-20','2053-04-20'),(44,'2054-04-20','2054-04-20'),(44,'2055-04-20','2055-04-20'),(44,'2056-04-20','2056-04-20'),(44,'2057-04-20','2057-04-20'),(44,'2058-04-20','2058-04-20'),(44,'2059-04-20','2059-04-20'),(44,'2060-04-20','2060-04-20'),(44,'2061-04-20','2061-04-20'),(44,'2062-04-20','2062-04-20'),(44,'2063-04-20','2063-04-20'),(44,'2064-04-20','2064-04-20'),(44,'2065-04-20','2065-04-20'),(44,'2066-04-20','2066-04-20'),(44,'2067-04-20','2067-04-20'),(44,'2068-04-20','2068-04-20'),(44,'2069-04-20','2069-04-20'),(44,'2070-04-20','2070-04-20'),(44,'2071-04-20','2071-04-20'),(44,'2072-04-20','2072-04-20'),(44,'2073-04-20','2073-04-20'),(44,'2074-04-20','2074-04-20'),(44,'2075-04-20','2075-04-20'),(44,'2076-04-20','2076-04-20'),(44,'2077-04-20','2077-04-20'),(44,'2078-04-20','2078-04-20'),(44,'2079-04-20','2079-04-20'),(44,'2080-04-20','2080-04-20'),(44,'2081-04-20','2081-04-20'),(44,'2082-04-20','2082-04-20'),(44,'2083-04-20','2083-04-20'),(44,'2084-04-20','2084-04-20'),(44,'2085-04-20','2085-04-20'),(44,'2086-04-20','2086-04-20'),(44,'2087-04-20','2087-04-20'),(44,'2088-04-20','2088-04-20'),(44,'2089-04-20','2089-04-20'),(44,'2090-04-20','2090-04-20'),(44,'2091-04-20','2091-04-20'),(44,'2092-04-20','2092-04-20'),(44,'2093-04-20','2093-04-20'),(44,'2094-04-20','2094-04-20'),(44,'2095-04-20','2095-04-20'),(44,'2096-04-20','2096-04-20'),(44,'2097-04-20','2097-04-20'),(44,'2098-04-20','2098-04-20'),(44,'2099-04-20','2099-04-20'),(44,'2100-04-20','2100-04-20'),(44,'2101-04-20','2101-04-20'),(44,'2102-04-20','2102-04-20'),(44,'2103-04-20','2103-04-20'),(44,'2104-04-20','2104-04-20'),(44,'2105-04-20','2105-04-20'),(44,'2106-04-20','2106-04-20'),(44,'2107-04-20','2107-04-20'),(44,'2108-04-20','2108-04-20'),(44,'2109-04-20','2109-04-20'),(44,'2110-04-20','2110-04-20'),(44,'2111-04-20','2111-04-20'),(44,'2112-04-20','2112-04-20'),(44,'2113-04-20','2113-04-20'),(44,'2114-04-20','2114-04-20'),(44,'2115-04-20','2115-04-20'),(44,'2116-04-20','2116-04-20'),(44,'2117-04-20','2117-04-20'),(44,'2118-04-20','2118-04-20'),(44,'2119-04-20','2119-04-20'),(44,'2120-04-20','2120-04-20'),(45,'2021-04-20','2021-04-20'),(45,'2022-04-20','2022-04-20'),(45,'2023-04-20','2023-04-20'),(45,'2024-04-20','2024-04-20'),(45,'2025-04-20','2025-04-20'),(45,'2026-04-20','2026-04-20'),(45,'2027-04-20','2027-04-20'),(45,'2028-04-20','2028-04-20'),(45,'2029-04-20','2029-04-20'),(45,'2030-04-20','2030-04-20'),(45,'2031-04-20','2031-04-20'),(45,'2032-04-20','2032-04-20'),(45,'2033-04-20','2033-04-20'),(45,'2034-04-20','2034-04-20'),(45,'2035-04-20','2035-04-20'),(45,'2036-04-20','2036-04-20'),(45,'2037-04-20','2037-04-20'),(45,'2038-04-20','2038-04-20'),(45,'2039-04-20','2039-04-20'),(45,'2040-04-20','2040-04-20'),(45,'2041-04-20','2041-04-20'),(45,'2042-04-20','2042-04-20'),(45,'2043-04-20','2043-04-20'),(45,'2044-04-20','2044-04-20'),(45,'2045-04-20','2045-04-20'),(45,'2046-04-20','2046-04-20'),(45,'2047-04-20','2047-04-20'),(45,'2048-04-20','2048-04-20'),(45,'2049-04-20','2049-04-20'),(45,'2050-04-20','2050-04-20'),(45,'2051-04-20','2051-04-20'),(45,'2052-04-20','2052-04-20'),(45,'2053-04-20','2053-04-20'),(45,'2054-04-20','2054-04-20'),(45,'2055-04-20','2055-04-20'),(45,'2056-04-20','2056-04-20'),(45,'2057-04-20','2057-04-20'),(45,'2058-04-20','2058-04-20'),(45,'2059-04-20','2059-04-20'),(45,'2060-04-20','2060-04-20'),(45,'2061-04-20','2061-04-20'),(45,'2062-04-20','2062-04-20'),(45,'2063-04-20','2063-04-20'),(45,'2064-04-20','2064-04-20'),(45,'2065-04-20','2065-04-20'),(45,'2066-04-20','2066-04-20'),(45,'2067-04-20','2067-04-20'),(45,'2068-04-20','2068-04-20'),(45,'2069-04-20','2069-04-20'),(45,'2070-04-20','2070-04-20'),(45,'2071-04-20','2071-04-20'),(45,'2072-04-20','2072-04-20'),(45,'2073-04-20','2073-04-20'),(45,'2074-04-20','2074-04-20'),(45,'2075-04-20','2075-04-20'),(45,'2076-04-20','2076-04-20'),(45,'2077-04-20','2077-04-20'),(45,'2078-04-20','2078-04-20'),(45,'2079-04-20','2079-04-20'),(45,'2080-04-20','2080-04-20'),(45,'2081-04-20','2081-04-20'),(45,'2082-04-20','2082-04-20'),(45,'2083-04-20','2083-04-20'),(45,'2084-04-20','2084-04-20'),(45,'2085-04-20','2085-04-20'),(45,'2086-04-20','2086-04-20'),(45,'2087-04-20','2087-04-20'),(45,'2088-04-20','2088-04-20'),(45,'2089-04-20','2089-04-20'),(45,'2090-04-20','2090-04-20'),(45,'2091-04-20','2091-04-20'),(45,'2092-04-20','2092-04-20'),(45,'2093-04-20','2093-04-20'),(45,'2094-04-20','2094-04-20'),(45,'2095-04-20','2095-04-20'),(45,'2096-04-20','2096-04-20'),(45,'2097-04-20','2097-04-20'),(45,'2098-04-20','2098-04-20'),(45,'2099-04-20','2099-04-20'),(45,'2100-04-20','2100-04-20'),(45,'2101-04-20','2101-04-20'),(45,'2102-04-20','2102-04-20'),(45,'2103-04-20','2103-04-20'),(45,'2104-04-20','2104-04-20'),(45,'2105-04-20','2105-04-20'),(45,'2106-04-20','2106-04-20'),(45,'2107-04-20','2107-04-20'),(45,'2108-04-20','2108-04-20'),(45,'2109-04-20','2109-04-20'),(45,'2110-04-20','2110-04-20'),(45,'2111-04-20','2111-04-20'),(45,'2112-04-20','2112-04-20'),(45,'2113-04-20','2113-04-20'),(45,'2114-04-20','2114-04-20'),(45,'2115-04-20','2115-04-20'),(45,'2116-04-20','2116-04-20'),(45,'2117-04-20','2117-04-20'),(45,'2118-04-20','2118-04-20'),(45,'2119-04-20','2119-04-20'),(45,'2120-04-20','2120-04-20'),(52,'2021-04-20','2021-04-20'),(52,'2022-04-20','2022-04-20'),(52,'2023-04-20','2023-04-20'),(52,'2024-04-20','2024-04-20'),(52,'2025-04-20','2025-04-20'),(52,'2026-04-20','2026-04-20'),(52,'2027-04-20','2027-04-20'),(52,'2028-04-20','2028-04-20'),(52,'2029-04-20','2029-04-20'),(52,'2030-04-20','2030-04-20'),(52,'2031-04-20','2031-04-20'),(52,'2032-04-20','2032-04-20'),(52,'2033-04-20','2033-04-20'),(52,'2034-04-20','2034-04-20'),(52,'2035-04-20','2035-04-20'),(52,'2036-04-20','2036-04-20'),(52,'2037-04-20','2037-04-20'),(52,'2038-04-20','2038-04-20'),(52,'2039-04-20','2039-04-20'),(52,'2040-04-20','2040-04-20'),(52,'2041-04-20','2041-04-20'),(52,'2042-04-20','2042-04-20'),(52,'2043-04-20','2043-04-20'),(52,'2044-04-20','2044-04-20'),(52,'2045-04-20','2045-04-20'),(52,'2046-04-20','2046-04-20'),(52,'2047-04-20','2047-04-20'),(52,'2048-04-20','2048-04-20'),(52,'2049-04-20','2049-04-20'),(52,'2050-04-20','2050-04-20'),(52,'2051-04-20','2051-04-20'),(52,'2052-04-20','2052-04-20'),(52,'2053-04-20','2053-04-20'),(52,'2054-04-20','2054-04-20'),(52,'2055-04-20','2055-04-20'),(52,'2056-04-20','2056-04-20'),(52,'2057-04-20','2057-04-20'),(52,'2058-04-20','2058-04-20'),(52,'2059-04-20','2059-04-20'),(52,'2060-04-20','2060-04-20'),(52,'2061-04-20','2061-04-20'),(52,'2062-04-20','2062-04-20'),(52,'2063-04-20','2063-04-20'),(52,'2064-04-20','2064-04-20'),(52,'2065-04-20','2065-04-20'),(52,'2066-04-20','2066-04-20'),(52,'2067-04-20','2067-04-20'),(52,'2068-04-20','2068-04-20'),(52,'2069-04-20','2069-04-20'),(52,'2070-04-20','2070-04-20'),(52,'2071-04-20','2071-04-20'),(52,'2072-04-20','2072-04-20'),(52,'2073-04-20','2073-04-20'),(52,'2074-04-20','2074-04-20'),(52,'2075-04-20','2075-04-20'),(52,'2076-04-20','2076-04-20'),(52,'2077-04-20','2077-04-20'),(52,'2078-04-20','2078-04-20'),(52,'2079-04-20','2079-04-20'),(52,'2080-04-20','2080-04-20'),(52,'2081-04-20','2081-04-20'),(52,'2082-04-20','2082-04-20'),(52,'2083-04-20','2083-04-20'),(52,'2084-04-20','2084-04-20'),(52,'2085-04-20','2085-04-20'),(52,'2086-04-20','2086-04-20'),(52,'2087-04-20','2087-04-20'),(52,'2088-04-20','2088-04-20'),(52,'2089-04-20','2089-04-20'),(52,'2090-04-20','2090-04-20'),(52,'2091-04-20','2091-04-20'),(52,'2092-04-20','2092-04-20'),(52,'2093-04-20','2093-04-20'),(52,'2094-04-20','2094-04-20'),(52,'2095-04-20','2095-04-20'),(52,'2096-04-20','2096-04-20'),(52,'2097-04-20','2097-04-20'),(52,'2098-04-20','2098-04-20'),(52,'2099-04-20','2099-04-20'),(52,'2100-04-20','2100-04-20'),(52,'2101-04-20','2101-04-20'),(52,'2102-04-20','2102-04-20'),(52,'2103-04-20','2103-04-20'),(52,'2104-04-20','2104-04-20'),(52,'2105-04-20','2105-04-20'),(52,'2106-04-20','2106-04-20'),(52,'2107-04-20','2107-04-20'),(52,'2108-04-20','2108-04-20'),(52,'2109-04-20','2109-04-20'),(52,'2110-04-20','2110-04-20'),(52,'2111-04-20','2111-04-20'),(52,'2112-04-20','2112-04-20'),(52,'2113-04-20','2113-04-20'),(52,'2114-04-20','2114-04-20'),(52,'2115-04-20','2115-04-20'),(52,'2116-04-20','2116-04-20'),(52,'2117-04-20','2117-04-20'),(52,'2118-04-20','2118-04-20'),(52,'2119-04-20','2119-04-20'),(52,'2120-04-20','2120-04-20'),(57,'2021-04-20','2021-04-20'),(57,'2022-04-20','2022-04-20'),(57,'2023-04-20','2023-04-20'),(57,'2024-04-20','2024-04-20'),(57,'2025-04-20','2025-04-20'),(57,'2026-04-20','2026-04-20'),(57,'2027-04-20','2027-04-20'),(57,'2028-04-20','2028-04-20'),(57,'2029-04-20','2029-04-20'),(57,'2030-04-20','2030-04-20'),(57,'2031-04-20','2031-04-20'),(57,'2032-04-20','2032-04-20'),(57,'2033-04-20','2033-04-20'),(57,'2034-04-20','2034-04-20'),(57,'2035-04-20','2035-04-20'),(57,'2036-04-20','2036-04-20'),(57,'2037-04-20','2037-04-20'),(57,'2038-04-20','2038-04-20'),(57,'2039-04-20','2039-04-20'),(57,'2040-04-20','2040-04-20'),(57,'2041-04-20','2041-04-20'),(57,'2042-04-20','2042-04-20'),(57,'2043-04-20','2043-04-20'),(57,'2044-04-20','2044-04-20'),(57,'2045-04-20','2045-04-20'),(57,'2046-04-20','2046-04-20'),(57,'2047-04-20','2047-04-20'),(57,'2048-04-20','2048-04-20'),(57,'2049-04-20','2049-04-20'),(57,'2050-04-20','2050-04-20'),(57,'2051-04-20','2051-04-20'),(57,'2052-04-20','2052-04-20'),(57,'2053-04-20','2053-04-20'),(57,'2054-04-20','2054-04-20'),(57,'2055-04-20','2055-04-20'),(57,'2056-04-20','2056-04-20'),(57,'2057-04-20','2057-04-20'),(57,'2058-04-20','2058-04-20'),(57,'2059-04-20','2059-04-20'),(57,'2060-04-20','2060-04-20'),(57,'2061-04-20','2061-04-20'),(57,'2062-04-20','2062-04-20'),(57,'2063-04-20','2063-04-20'),(57,'2064-04-20','2064-04-20'),(57,'2065-04-20','2065-04-20'),(57,'2066-04-20','2066-04-20'),(57,'2067-04-20','2067-04-20'),(57,'2068-04-20','2068-04-20'),(57,'2069-04-20','2069-04-20'),(57,'2070-04-20','2070-04-20'),(57,'2071-04-20','2071-04-20'),(57,'2072-04-20','2072-04-20'),(57,'2073-04-20','2073-04-20'),(57,'2074-04-20','2074-04-20'),(57,'2075-04-20','2075-04-20'),(57,'2076-04-20','2076-04-20'),(57,'2077-04-20','2077-04-20'),(57,'2078-04-20','2078-04-20'),(57,'2079-04-20','2079-04-20'),(57,'2080-04-20','2080-04-20'),(57,'2081-04-20','2081-04-20'),(57,'2082-04-20','2082-04-20'),(57,'2083-04-20','2083-04-20'),(57,'2084-04-20','2084-04-20'),(57,'2085-04-20','2085-04-20'),(57,'2086-04-20','2086-04-20'),(57,'2087-04-20','2087-04-20'),(57,'2088-04-20','2088-04-20'),(57,'2089-04-20','2089-04-20'),(57,'2090-04-20','2090-04-20'),(57,'2091-04-20','2091-04-20'),(57,'2092-04-20','2092-04-20'),(57,'2093-04-20','2093-04-20'),(57,'2094-04-20','2094-04-20'),(57,'2095-04-20','2095-04-20'),(57,'2096-04-20','2096-04-20'),(57,'2097-04-20','2097-04-20'),(57,'2098-04-20','2098-04-20'),(57,'2099-04-20','2099-04-20'),(57,'2100-04-20','2100-04-20'),(57,'2101-04-20','2101-04-20'),(57,'2102-04-20','2102-04-20'),(57,'2103-04-20','2103-04-20'),(57,'2104-04-20','2104-04-20'),(57,'2105-04-20','2105-04-20'),(57,'2106-04-20','2106-04-20'),(57,'2107-04-20','2107-04-20'),(57,'2108-04-20','2108-04-20'),(57,'2109-04-20','2109-04-20'),(57,'2110-04-20','2110-04-20'),(57,'2111-04-20','2111-04-20'),(57,'2112-04-20','2112-04-20'),(57,'2113-04-20','2113-04-20'),(57,'2114-04-20','2114-04-20'),(57,'2115-04-20','2115-04-20'),(57,'2116-04-20','2116-04-20'),(57,'2117-04-20','2117-04-20'),(57,'2118-04-20','2118-04-20'),(57,'2119-04-20','2119-04-20'),(57,'2120-04-20','2120-04-20'),(59,'2021-04-20','2021-04-20'),(59,'2022-04-20','2022-04-20'),(59,'2023-04-20','2023-04-20'),(59,'2024-04-20','2024-04-20'),(59,'2025-04-20','2025-04-20'),(59,'2026-04-20','2026-04-20'),(59,'2027-04-20','2027-04-20'),(59,'2028-04-20','2028-04-20'),(59,'2029-04-20','2029-04-20'),(59,'2030-04-20','2030-04-20'),(59,'2031-04-20','2031-04-20'),(59,'2032-04-20','2032-04-20'),(59,'2033-04-20','2033-04-20'),(59,'2034-04-20','2034-04-20'),(59,'2035-04-20','2035-04-20'),(59,'2036-04-20','2036-04-20'),(59,'2037-04-20','2037-04-20'),(59,'2038-04-20','2038-04-20'),(59,'2039-04-20','2039-04-20'),(59,'2040-04-20','2040-04-20'),(59,'2041-04-20','2041-04-20'),(59,'2042-04-20','2042-04-20'),(59,'2043-04-20','2043-04-20'),(59,'2044-04-20','2044-04-20'),(59,'2045-04-20','2045-04-20'),(59,'2046-04-20','2046-04-20'),(59,'2047-04-20','2047-04-20'),(59,'2048-04-20','2048-04-20'),(59,'2049-04-20','2049-04-20'),(59,'2050-04-20','2050-04-20'),(59,'2051-04-20','2051-04-20'),(59,'2052-04-20','2052-04-20'),(59,'2053-04-20','2053-04-20'),(59,'2054-04-20','2054-04-20'),(59,'2055-04-20','2055-04-20'),(59,'2056-04-20','2056-04-20'),(59,'2057-04-20','2057-04-20'),(59,'2058-04-20','2058-04-20'),(59,'2059-04-20','2059-04-20'),(59,'2060-04-20','2060-04-20'),(59,'2061-04-20','2061-04-20'),(59,'2062-04-20','2062-04-20'),(59,'2063-04-20','2063-04-20'),(59,'2064-04-20','2064-04-20'),(59,'2065-04-20','2065-04-20'),(59,'2066-04-20','2066-04-20'),(59,'2067-04-20','2067-04-20'),(59,'2068-04-20','2068-04-20'),(59,'2069-04-20','2069-04-20'),(59,'2070-04-20','2070-04-20'),(59,'2071-04-20','2071-04-20'),(59,'2072-04-20','2072-04-20'),(59,'2073-04-20','2073-04-20'),(59,'2074-04-20','2074-04-20'),(59,'2075-04-20','2075-04-20'),(59,'2076-04-20','2076-04-20'),(59,'2077-04-20','2077-04-20'),(59,'2078-04-20','2078-04-20'),(59,'2079-04-20','2079-04-20'),(59,'2080-04-20','2080-04-20'),(59,'2081-04-20','2081-04-20'),(59,'2082-04-20','2082-04-20'),(59,'2083-04-20','2083-04-20'),(59,'2084-04-20','2084-04-20'),(59,'2085-04-20','2085-04-20'),(59,'2086-04-20','2086-04-20'),(59,'2087-04-20','2087-04-20'),(59,'2088-04-20','2088-04-20'),(59,'2089-04-20','2089-04-20'),(59,'2090-04-20','2090-04-20'),(59,'2091-04-20','2091-04-20'),(59,'2092-04-20','2092-04-20'),(59,'2093-04-20','2093-04-20'),(59,'2094-04-20','2094-04-20'),(59,'2095-04-20','2095-04-20'),(59,'2096-04-20','2096-04-20'),(59,'2097-04-20','2097-04-20'),(59,'2098-04-20','2098-04-20'),(59,'2099-04-20','2099-04-20'),(59,'2100-04-20','2100-04-20'),(59,'2101-04-20','2101-04-20'),(59,'2102-04-20','2102-04-20'),(59,'2103-04-20','2103-04-20'),(59,'2104-04-20','2104-04-20'),(59,'2105-04-20','2105-04-20'),(59,'2106-04-20','2106-04-20'),(59,'2107-04-20','2107-04-20'),(59,'2108-04-20','2108-04-20'),(59,'2109-04-20','2109-04-20'),(59,'2110-04-20','2110-04-20'),(59,'2111-04-20','2111-04-20'),(59,'2112-04-20','2112-04-20'),(59,'2113-04-20','2113-04-20'),(59,'2114-04-20','2114-04-20'),(59,'2115-04-20','2115-04-20'),(59,'2116-04-20','2116-04-20'),(59,'2117-04-20','2117-04-20'),(59,'2118-04-20','2118-04-20'),(59,'2119-04-20','2119-04-20'),(59,'2120-04-20','2120-04-20'),(62,'2021-04-20','2021-04-20'),(62,'2022-04-20','2022-04-20'),(62,'2023-04-20','2023-04-20'),(62,'2024-04-20','2024-04-20'),(62,'2025-04-20','2025-04-20'),(62,'2026-04-20','2026-04-20'),(62,'2027-04-20','2027-04-20'),(62,'2028-04-20','2028-04-20'),(62,'2029-04-20','2029-04-20'),(62,'2030-04-20','2030-04-20'),(62,'2031-04-20','2031-04-20'),(62,'2032-04-20','2032-04-20'),(62,'2033-04-20','2033-04-20'),(62,'2034-04-20','2034-04-20'),(62,'2035-04-20','2035-04-20'),(62,'2036-04-20','2036-04-20'),(62,'2037-04-20','2037-04-20'),(62,'2038-04-20','2038-04-20'),(62,'2039-04-20','2039-04-20'),(62,'2040-04-20','2040-04-20'),(62,'2041-04-20','2041-04-20'),(62,'2042-04-20','2042-04-20'),(62,'2043-04-20','2043-04-20'),(62,'2044-04-20','2044-04-20'),(62,'2045-04-20','2045-04-20'),(62,'2046-04-20','2046-04-20'),(62,'2047-04-20','2047-04-20'),(62,'2048-04-20','2048-04-20'),(62,'2049-04-20','2049-04-20'),(62,'2050-04-20','2050-04-20'),(62,'2051-04-20','2051-04-20'),(62,'2052-04-20','2052-04-20'),(62,'2053-04-20','2053-04-20'),(62,'2054-04-20','2054-04-20'),(62,'2055-04-20','2055-04-20'),(62,'2056-04-20','2056-04-20'),(62,'2057-04-20','2057-04-20'),(62,'2058-04-20','2058-04-20'),(62,'2059-04-20','2059-04-20'),(62,'2060-04-20','2060-04-20'),(62,'2061-04-20','2061-04-20'),(62,'2062-04-20','2062-04-20'),(62,'2063-04-20','2063-04-20'),(62,'2064-04-20','2064-04-20'),(62,'2065-04-20','2065-04-20'),(62,'2066-04-20','2066-04-20'),(62,'2067-04-20','2067-04-20'),(62,'2068-04-20','2068-04-20'),(62,'2069-04-20','2069-04-20'),(62,'2070-04-20','2070-04-20'),(62,'2071-04-20','2071-04-20'),(62,'2072-04-20','2072-04-20'),(62,'2073-04-20','2073-04-20'),(62,'2074-04-20','2074-04-20'),(62,'2075-04-20','2075-04-20'),(62,'2076-04-20','2076-04-20'),(62,'2077-04-20','2077-04-20'),(62,'2078-04-20','2078-04-20'),(62,'2079-04-20','2079-04-20'),(62,'2080-04-20','2080-04-20'),(62,'2081-04-20','2081-04-20'),(62,'2082-04-20','2082-04-20'),(62,'2083-04-20','2083-04-20'),(62,'2084-04-20','2084-04-20'),(62,'2085-04-20','2085-04-20'),(62,'2086-04-20','2086-04-20'),(62,'2087-04-20','2087-04-20'),(62,'2088-04-20','2088-04-20'),(62,'2089-04-20','2089-04-20'),(62,'2090-04-20','2090-04-20'),(62,'2091-04-20','2091-04-20'),(62,'2092-04-20','2092-04-20'),(62,'2093-04-20','2093-04-20'),(62,'2094-04-20','2094-04-20'),(62,'2095-04-20','2095-04-20'),(62,'2096-04-20','2096-04-20'),(62,'2097-04-20','2097-04-20'),(62,'2098-04-20','2098-04-20'),(62,'2099-04-20','2099-04-20'),(62,'2100-04-20','2100-04-20'),(62,'2101-04-20','2101-04-20'),(62,'2102-04-20','2102-04-20'),(62,'2103-04-20','2103-04-20'),(62,'2104-04-20','2104-04-20'),(62,'2105-04-20','2105-04-20'),(62,'2106-04-20','2106-04-20'),(62,'2107-04-20','2107-04-20'),(62,'2108-04-20','2108-04-20'),(62,'2109-04-20','2109-04-20'),(62,'2110-04-20','2110-04-20'),(62,'2111-04-20','2111-04-20'),(62,'2112-04-20','2112-04-20'),(62,'2113-04-20','2113-04-20'),(62,'2114-04-20','2114-04-20'),(62,'2115-04-20','2115-04-20'),(62,'2116-04-20','2116-04-20'),(62,'2117-04-20','2117-04-20'),(62,'2118-04-20','2118-04-20'),(62,'2119-04-20','2119-04-20'),(62,'2120-04-20','2120-04-20'),(71,'2021-04-20','2021-04-20'),(71,'2022-04-20','2022-04-20'),(71,'2023-04-20','2023-04-20'),(71,'2024-04-20','2024-04-20'),(71,'2025-04-20','2025-04-20'),(71,'2026-04-20','2026-04-20'),(71,'2027-04-20','2027-04-20'),(71,'2028-04-20','2028-04-20'),(71,'2029-04-20','2029-04-20'),(71,'2030-04-20','2030-04-20'),(71,'2031-04-20','2031-04-20'),(71,'2032-04-20','2032-04-20'),(71,'2033-04-20','2033-04-20'),(71,'2034-04-20','2034-04-20'),(71,'2035-04-20','2035-04-20'),(71,'2036-04-20','2036-04-20'),(71,'2037-04-20','2037-04-20'),(71,'2038-04-20','2038-04-20'),(71,'2039-04-20','2039-04-20'),(71,'2040-04-20','2040-04-20'),(71,'2041-04-20','2041-04-20'),(71,'2042-04-20','2042-04-20'),(71,'2043-04-20','2043-04-20'),(71,'2044-04-20','2044-04-20'),(71,'2045-04-20','2045-04-20'),(71,'2046-04-20','2046-04-20'),(71,'2047-04-20','2047-04-20'),(71,'2048-04-20','2048-04-20'),(71,'2049-04-20','2049-04-20'),(71,'2050-04-20','2050-04-20'),(71,'2051-04-20','2051-04-20'),(71,'2052-04-20','2052-04-20'),(71,'2053-04-20','2053-04-20'),(71,'2054-04-20','2054-04-20'),(71,'2055-04-20','2055-04-20'),(71,'2056-04-20','2056-04-20'),(71,'2057-04-20','2057-04-20'),(71,'2058-04-20','2058-04-20'),(71,'2059-04-20','2059-04-20'),(71,'2060-04-20','2060-04-20'),(71,'2061-04-20','2061-04-20'),(71,'2062-04-20','2062-04-20'),(71,'2063-04-20','2063-04-20'),(71,'2064-04-20','2064-04-20'),(71,'2065-04-20','2065-04-20'),(71,'2066-04-20','2066-04-20'),(71,'2067-04-20','2067-04-20'),(71,'2068-04-20','2068-04-20'),(71,'2069-04-20','2069-04-20'),(71,'2070-04-20','2070-04-20'),(71,'2071-04-20','2071-04-20'),(71,'2072-04-20','2072-04-20'),(71,'2073-04-20','2073-04-20'),(71,'2074-04-20','2074-04-20'),(71,'2075-04-20','2075-04-20'),(71,'2076-04-20','2076-04-20'),(71,'2077-04-20','2077-04-20'),(71,'2078-04-20','2078-04-20'),(71,'2079-04-20','2079-04-20'),(71,'2080-04-20','2080-04-20'),(71,'2081-04-20','2081-04-20'),(71,'2082-04-20','2082-04-20'),(71,'2083-04-20','2083-04-20'),(71,'2084-04-20','2084-04-20'),(71,'2085-04-20','2085-04-20'),(71,'2086-04-20','2086-04-20'),(71,'2087-04-20','2087-04-20'),(71,'2088-04-20','2088-04-20'),(71,'2089-04-20','2089-04-20'),(71,'2090-04-20','2090-04-20'),(71,'2091-04-20','2091-04-20'),(71,'2092-04-20','2092-04-20'),(71,'2093-04-20','2093-04-20'),(71,'2094-04-20','2094-04-20'),(71,'2095-04-20','2095-04-20'),(71,'2096-04-20','2096-04-20'),(71,'2097-04-20','2097-04-20'),(71,'2098-04-20','2098-04-20'),(71,'2099-04-20','2099-04-20'),(71,'2100-04-20','2100-04-20'),(71,'2101-04-20','2101-04-20'),(71,'2102-04-20','2102-04-20'),(71,'2103-04-20','2103-04-20'),(71,'2104-04-20','2104-04-20'),(71,'2105-04-20','2105-04-20'),(71,'2106-04-20','2106-04-20'),(71,'2107-04-20','2107-04-20'),(71,'2108-04-20','2108-04-20'),(71,'2109-04-20','2109-04-20'),(71,'2110-04-20','2110-04-20'),(71,'2111-04-20','2111-04-20'),(71,'2112-04-20','2112-04-20'),(71,'2113-04-20','2113-04-20'),(71,'2114-04-20','2114-04-20'),(71,'2115-04-20','2115-04-20'),(71,'2116-04-20','2116-04-20'),(71,'2117-04-20','2117-04-20'),(71,'2118-04-20','2118-04-20'),(71,'2119-04-20','2119-04-20'),(71,'2120-04-20','2120-04-20'),(83,'2021-04-20','2021-04-20'),(83,'2022-04-20','2022-04-20'),(83,'2023-04-20','2023-04-20'),(83,'2024-04-20','2024-04-20'),(83,'2025-04-20','2025-04-20'),(83,'2026-04-20','2026-04-20'),(83,'2027-04-20','2027-04-20'),(83,'2028-04-20','2028-04-20'),(83,'2029-04-20','2029-04-20'),(83,'2030-04-20','2030-04-20'),(83,'2031-04-20','2031-04-20'),(83,'2032-04-20','2032-04-20'),(83,'2033-04-20','2033-04-20'),(83,'2034-04-20','2034-04-20'),(83,'2035-04-20','2035-04-20'),(83,'2036-04-20','2036-04-20'),(83,'2037-04-20','2037-04-20'),(83,'2038-04-20','2038-04-20'),(83,'2039-04-20','2039-04-20'),(83,'2040-04-20','2040-04-20'),(83,'2041-04-20','2041-04-20'),(83,'2042-04-20','2042-04-20'),(83,'2043-04-20','2043-04-20'),(83,'2044-04-20','2044-04-20'),(83,'2045-04-20','2045-04-20'),(83,'2046-04-20','2046-04-20'),(83,'2047-04-20','2047-04-20'),(83,'2048-04-20','2048-04-20'),(83,'2049-04-20','2049-04-20'),(83,'2050-04-20','2050-04-20'),(83,'2051-04-20','2051-04-20'),(83,'2052-04-20','2052-04-20'),(83,'2053-04-20','2053-04-20'),(83,'2054-04-20','2054-04-20'),(83,'2055-04-20','2055-04-20'),(83,'2056-04-20','2056-04-20'),(83,'2057-04-20','2057-04-20'),(83,'2058-04-20','2058-04-20'),(83,'2059-04-20','2059-04-20'),(83,'2060-04-20','2060-04-20'),(83,'2061-04-20','2061-04-20'),(83,'2062-04-20','2062-04-20'),(83,'2063-04-20','2063-04-20'),(83,'2064-04-20','2064-04-20'),(83,'2065-04-20','2065-04-20'),(83,'2066-04-20','2066-04-20'),(83,'2067-04-20','2067-04-20'),(83,'2068-04-20','2068-04-20'),(83,'2069-04-20','2069-04-20'),(83,'2070-04-20','2070-04-20'),(83,'2071-04-20','2071-04-20'),(83,'2072-04-20','2072-04-20'),(83,'2073-04-20','2073-04-20'),(83,'2074-04-20','2074-04-20'),(83,'2075-04-20','2075-04-20'),(83,'2076-04-20','2076-04-20'),(83,'2077-04-20','2077-04-20'),(83,'2078-04-20','2078-04-20'),(83,'2079-04-20','2079-04-20'),(83,'2080-04-20','2080-04-20'),(83,'2081-04-20','2081-04-20'),(83,'2082-04-20','2082-04-20'),(83,'2083-04-20','2083-04-20'),(83,'2084-04-20','2084-04-20'),(83,'2085-04-20','2085-04-20'),(83,'2086-04-20','2086-04-20'),(83,'2087-04-20','2087-04-20'),(83,'2088-04-20','2088-04-20'),(83,'2089-04-20','2089-04-20'),(83,'2090-04-20','2090-04-20'),(83,'2091-04-20','2091-04-20'),(83,'2092-04-20','2092-04-20'),(83,'2093-04-20','2093-04-20'),(83,'2094-04-20','2094-04-20'),(83,'2095-04-20','2095-04-20'),(83,'2096-04-20','2096-04-20'),(83,'2097-04-20','2097-04-20'),(83,'2098-04-20','2098-04-20'),(83,'2099-04-20','2099-04-20'),(83,'2100-04-20','2100-04-20'),(83,'2101-04-20','2101-04-20'),(83,'2102-04-20','2102-04-20'),(83,'2103-04-20','2103-04-20'),(83,'2104-04-20','2104-04-20'),(83,'2105-04-20','2105-04-20'),(83,'2106-04-20','2106-04-20'),(83,'2107-04-20','2107-04-20'),(83,'2108-04-20','2108-04-20'),(83,'2109-04-20','2109-04-20'),(83,'2110-04-20','2110-04-20'),(83,'2111-04-20','2111-04-20'),(83,'2112-04-20','2112-04-20'),(83,'2113-04-20','2113-04-20'),(83,'2114-04-20','2114-04-20'),(83,'2115-04-20','2115-04-20'),(83,'2116-04-20','2116-04-20'),(83,'2117-04-20','2117-04-20'),(83,'2118-04-20','2118-04-20'),(83,'2119-04-20','2119-04-20'),(83,'2120-04-20','2120-04-20'),(84,'2021-04-20','2021-04-20'),(84,'2022-04-20','2022-04-20'),(84,'2023-04-20','2023-04-20'),(84,'2024-04-20','2024-04-20'),(84,'2025-04-20','2025-04-20'),(84,'2026-04-20','2026-04-20'),(84,'2027-04-20','2027-04-20'),(84,'2028-04-20','2028-04-20'),(84,'2029-04-20','2029-04-20'),(84,'2030-04-20','2030-04-20'),(84,'2031-04-20','2031-04-20'),(84,'2032-04-20','2032-04-20'),(84,'2033-04-20','2033-04-20'),(84,'2034-04-20','2034-04-20'),(84,'2035-04-20','2035-04-20'),(84,'2036-04-20','2036-04-20'),(84,'2037-04-20','2037-04-20'),(84,'2038-04-20','2038-04-20'),(84,'2039-04-20','2039-04-20'),(84,'2040-04-20','2040-04-20'),(84,'2041-04-20','2041-04-20'),(84,'2042-04-20','2042-04-20'),(84,'2043-04-20','2043-04-20'),(84,'2044-04-20','2044-04-20'),(84,'2045-04-20','2045-04-20'),(84,'2046-04-20','2046-04-20'),(84,'2047-04-20','2047-04-20'),(84,'2048-04-20','2048-04-20'),(84,'2049-04-20','2049-04-20'),(84,'2050-04-20','2050-04-20'),(84,'2051-04-20','2051-04-20'),(84,'2052-04-20','2052-04-20'),(84,'2053-04-20','2053-04-20'),(84,'2054-04-20','2054-04-20'),(84,'2055-04-20','2055-04-20'),(84,'2056-04-20','2056-04-20'),(84,'2057-04-20','2057-04-20'),(84,'2058-04-20','2058-04-20'),(84,'2059-04-20','2059-04-20'),(84,'2060-04-20','2060-04-20'),(84,'2061-04-20','2061-04-20'),(84,'2062-04-20','2062-04-20'),(84,'2063-04-20','2063-04-20'),(84,'2064-04-20','2064-04-20'),(84,'2065-04-20','2065-04-20'),(84,'2066-04-20','2066-04-20'),(84,'2067-04-20','2067-04-20'),(84,'2068-04-20','2068-04-20'),(84,'2069-04-20','2069-04-20'),(84,'2070-04-20','2070-04-20'),(84,'2071-04-20','2071-04-20'),(84,'2072-04-20','2072-04-20'),(84,'2073-04-20','2073-04-20'),(84,'2074-04-20','2074-04-20'),(84,'2075-04-20','2075-04-20'),(84,'2076-04-20','2076-04-20'),(84,'2077-04-20','2077-04-20'),(84,'2078-04-20','2078-04-20'),(84,'2079-04-20','2079-04-20'),(84,'2080-04-20','2080-04-20'),(84,'2081-04-20','2081-04-20'),(84,'2082-04-20','2082-04-20'),(84,'2083-04-20','2083-04-20'),(84,'2084-04-20','2084-04-20'),(84,'2085-04-20','2085-04-20'),(84,'2086-04-20','2086-04-20'),(84,'2087-04-20','2087-04-20'),(84,'2088-04-20','2088-04-20'),(84,'2089-04-20','2089-04-20'),(84,'2090-04-20','2090-04-20'),(84,'2091-04-20','2091-04-20'),(84,'2092-04-20','2092-04-20'),(84,'2093-04-20','2093-04-20'),(84,'2094-04-20','2094-04-20'),(84,'2095-04-20','2095-04-20'),(84,'2096-04-20','2096-04-20'),(84,'2097-04-20','2097-04-20'),(84,'2098-04-20','2098-04-20'),(84,'2099-04-20','2099-04-20'),(84,'2100-04-20','2100-04-20'),(84,'2101-04-20','2101-04-20'),(84,'2102-04-20','2102-04-20'),(84,'2103-04-20','2103-04-20'),(84,'2104-04-20','2104-04-20'),(84,'2105-04-20','2105-04-20'),(84,'2106-04-20','2106-04-20'),(84,'2107-04-20','2107-04-20'),(84,'2108-04-20','2108-04-20'),(84,'2109-04-20','2109-04-20'),(84,'2110-04-20','2110-04-20'),(84,'2111-04-20','2111-04-20'),(84,'2112-04-20','2112-04-20'),(84,'2113-04-20','2113-04-20'),(84,'2114-04-20','2114-04-20'),(84,'2115-04-20','2115-04-20'),(84,'2116-04-20','2116-04-20'),(84,'2117-04-20','2117-04-20'),(84,'2118-04-20','2118-04-20'),(84,'2119-04-20','2119-04-20'),(84,'2120-04-20','2120-04-20'),(90,'2021-04-20','2021-04-20'),(90,'2021-04-21','2021-04-21'),(90,'2021-04-22','2021-04-22'),(90,'2021-04-23','2021-04-23'),(90,'2021-04-24','2021-04-24'),(90,'2021-04-25','2021-04-25'),(90,'2021-04-26','2021-04-26'),(90,'2021-04-27','2021-04-27'),(90,'2021-04-28','2021-04-28'),(90,'2021-04-29','2021-04-29'),(90,'2021-04-30','2021-04-30'),(90,'2021-05-01','2021-05-01'),(90,'2021-05-02','2021-05-02'),(90,'2021-05-03','2021-05-03'),(90,'2021-05-04','2021-05-04'),(90,'2021-05-05','2021-05-05'),(90,'2021-05-06','2021-05-06'),(90,'2021-05-07','2021-05-07'),(90,'2021-05-08','2021-05-08'),(90,'2021-05-09','2021-05-09'),(90,'2021-05-10','2021-05-10'),(90,'2021-05-11','2021-05-11'),(90,'2021-05-12','2021-05-12'),(90,'2021-05-13','2021-05-13'),(90,'2021-05-14','2021-05-14'),(90,'2021-05-15','2021-05-15'),(90,'2021-05-16','2021-05-16'),(90,'2021-05-17','2021-05-17'),(90,'2021-05-18','2021-05-18'),(90,'2021-05-19','2021-05-19'),(90,'2021-05-20','2021-05-20'),(90,'2021-05-21','2021-05-21'),(90,'2021-05-22','2021-05-22'),(90,'2021-05-23','2021-05-23'),(90,'2021-05-24','2021-05-24'),(90,'2021-05-25','2021-05-25'),(90,'2021-05-26','2021-05-26'),(90,'2021-05-27','2021-05-27'),(90,'2021-05-28','2021-05-28'),(90,'2021-05-29','2021-05-29'),(90,'2021-05-30','2021-05-30'),(1929,'2021-04-23','2021-04-23'),(1929,'2021-04-30','2021-04-30'),(1929,'2021-05-06','2021-05-06'),(1929,'2021-05-13','2021-05-13'),(1929,'2021-05-20','2021-05-20'),(4501,'2021-04-24','2021-04-24'),(4501,'2021-04-26','2021-04-26'),(4501,'2021-05-01','2021-05-01'),(4501,'2021-05-02','2021-05-02'),(4501,'2021-05-07','2021-05-07'),(4501,'2021-05-09','2021-05-09'),(4501,'2021-05-14','2021-05-14'),(4501,'2021-05-16','2021-05-16'),(4501,'2021-05-21','2021-05-21'),(4501,'2021-05-23','2021-05-23'),(4501,'2021-05-28','2021-05-28'),(4501,'2021-05-30','2021-05-30'),(4501,'2021-06-05','2021-06-05'),(4501,'2021-06-07','2021-06-07'),(4501,'2021-06-12','2021-06-12'),(4501,'2021-06-14','2021-06-14'),(4501,'2021-06-19','2021-06-19'),(4501,'2021-06-21','2021-06-21'),(4501,'2021-06-26','2021-06-26'),(4501,'2021-06-28','2021-06-28'),(4501,'2021-07-02','2021-07-02'),(4501,'2021-07-04','2021-07-04'),(4501,'2021-07-09','2021-07-09'),(4501,'2021-07-11','2021-07-11'),(4501,'2021-07-16','2021-07-16'),(4501,'2021-07-18','2021-07-18'),(4501,'2021-07-23','2021-07-23'),(4501,'2021-07-25','2021-07-25'),(4501,'2021-07-30','2021-07-30'),(4501,'2021-08-01','2021-08-01'),(4501,'2021-08-06','2021-08-06'),(4501,'2021-08-08','2021-08-08'),(7203,'2021-04-20','2021-04-20'),(7203,'2021-04-25','2021-04-25'),(7203,'2021-04-27','2021-04-27'),(7203,'2021-05-01','2021-05-01'),(7203,'2021-05-03','2021-05-03'),(7203,'2021-05-08','2021-05-08'),(7203,'2021-05-10','2021-05-10'),(7203,'2021-05-15','2021-05-15'),(7203,'2021-05-17','2021-05-17'),(7203,'2021-05-22','2021-05-22'),(7203,'2021-05-24','2021-05-24'),(7203,'2021-05-29','2021-05-29'),(7203,'2021-06-01','2021-06-01'),(7203,'2021-06-06','2021-06-06'),(7203,'2021-06-08','2021-06-08'),(7203,'2021-06-13','2021-06-13'),(7203,'2021-06-15','2021-06-15'),(7203,'2021-06-20','2021-06-20'),(7203,'2021-06-22','2021-06-22'),(7203,'2021-06-27','2021-06-27'),(7203,'2021-06-29','2021-06-29'),(7203,'2021-07-03','2021-07-03'),(7203,'2021-07-05','2021-07-05'),(7203,'2021-07-10','2021-07-10'),(7203,'2021-07-12','2021-07-12'),(7203,'2021-07-17','2021-07-17'),(7203,'2021-07-19','2021-07-19'),(7203,'2021-07-24','2021-07-24'),(7203,'2021-07-26','2021-07-26'),(7203,'2021-07-31','2021-07-31'),(7203,'2021-08-02','2021-08-02'),(7203,'2021-08-07','2021-08-07'),(8388,'2021-04-21','2021-04-21'),(8388,'2021-04-24','2021-04-24'),(8388,'2021-04-26','2021-04-26'),(8388,'2021-04-28','2021-04-28'),(8388,'2021-05-01','2021-05-01'),(8388,'2021-05-02','2021-05-02'),(8388,'2021-05-04','2021-05-04'),(8388,'2021-05-07','2021-05-07'),(8388,'2021-05-09','2021-05-09'),(8388,'2021-05-11','2021-05-11'),(8388,'2021-05-14','2021-05-14'),(8388,'2021-05-16','2021-05-16'),(8388,'2021-05-18','2021-05-18'),(8388,'2021-05-21','2021-05-21'),(8388,'2021-05-23','2021-05-23'),(8388,'2021-05-25','2021-05-25'),(8388,'2021-05-28','2021-05-28'),(8388,'2021-05-30','2021-05-30'),(8388,'2021-06-02','2021-06-02'),(8388,'2021-06-05','2021-06-05'),(8388,'2021-06-07','2021-06-07'),(8388,'2021-06-09','2021-06-09'),(8388,'2021-06-12','2021-06-12'),(8388,'2021-06-14','2021-06-14'),(8388,'2021-06-16','2021-06-16'),(8388,'2021-06-19','2021-06-19'),(8388,'2021-06-21','2021-06-21'),(8388,'2021-06-23','2021-06-23'),(8388,'2021-06-26','2021-06-26'),(8388,'2021-06-28','2021-06-28'),(8388,'2021-06-30','2021-06-30'),(8388,'2021-07-02','2021-07-02'),(8388,'2021-07-04','2021-07-04'),(8388,'2021-07-06','2021-07-06'),(8388,'2021-07-09','2021-07-09'),(8388,'2021-07-11','2021-07-11'),(8388,'2021-07-13','2021-07-13'),(8388,'2021-07-16','2021-07-16'),(8388,'2021-07-18','2021-07-18'),(8388,'2021-07-20','2021-07-20'),(8388,'2021-07-23','2021-07-23'),(8388,'2021-07-25','2021-07-25'),(8388,'2021-07-27','2021-07-27'),(8388,'2021-07-30','2021-07-30'),(8388,'2021-08-01','2021-08-01'),(8388,'2021-08-03','2021-08-03'),(8388,'2021-08-06','2021-08-06'),(8388,'2021-08-08','2021-08-08'),(10354,'2021-04-20','2021-04-20'),(10354,'2022-04-20','2022-04-20'),(19745,'2021-04-22','2021-04-22'),(19745,'2021-04-26','2021-04-26'),(19745,'2021-04-29','2021-04-29'),(19745,'2021-05-02','2021-05-02'),(19745,'2021-05-05','2021-05-05'),(19745,'2021-05-09','2021-05-09'),(19745,'2021-05-12','2021-05-12'),(19745,'2021-05-16','2021-05-16'),(19745,'2021-05-19','2021-05-19'),(19745,'2021-05-23','2021-05-23'),(19745,'2021-05-26','2021-05-26'),(19745,'2021-05-30','2021-05-30'),(19745,'2021-06-03','2021-06-03'),(19745,'2021-06-07','2021-06-07'),(19745,'2021-06-10','2021-06-10'),(19745,'2021-06-14','2021-06-14'),(19745,'2021-06-17','2021-06-17'),(19745,'2021-06-21','2021-06-21'),(19745,'2021-06-24','2021-06-24'),(19745,'2021-06-28','2021-06-28'),(19745,'2021-07-01','2021-07-01'),(19745,'2021-07-04','2021-07-04'),(19745,'2021-07-07','2021-07-07'),(19745,'2021-07-11','2021-07-11'),(19745,'2021-07-14','2021-07-14'),(19745,'2021-07-18','2021-07-18'),(19745,'2021-07-21','2021-07-21'),(19745,'2021-07-25','2021-07-25'),(19745,'2021-07-28','2021-07-28'),(19745,'2021-08-01','2021-08-01'),(19745,'2021-08-04','2021-08-04'),(19745,'2021-08-08','2021-08-08');
/*!40000 ALTER TABLE `recurrent_event` ENABLE KEYS */;
UNLOCK TABLES;

--
-- Table structure for table `recurring_event_pattern`
--

DROP TABLE IF EXISTS `recurring_event_pattern`;
/*!40101 SET @saved_cs_client     = @@character_set_client */;
/*!50503 SET character_set_client = utf8mb4 */;
CREATE TABLE `recurring_event_pattern` (
  `Event_id` int NOT NULL,
  `Separation_count` int DEFAULT NULL,
  `Maximum_occurrences` int DEFAULT NULL,
  `Day_of_week` varchar(30) DEFAULT NULL,
  `Recur_end_date` date DEFAULT NULL,
  `Recurrence_type` varchar(10) NOT NULL,
  PRIMARY KEY (`Event_id`),
  CONSTRAINT `recurring_event_pattern_ibfk_1` FOREIGN KEY (`Event_id`) REFERENCES `event` (`Id`) ON DELETE CASCADE ON UPDATE CASCADE,
  CONSTRAINT `recurring_event_pattern_chk_1` CHECK ((`Recurrence_type` in (_utf8mb4'Daily',_utf8mb4'Weekly',_utf8mb4'Monthly',_utf8mb4'Yearly')))
) ENGINE=InnoDB DEFAULT CHARSET=utf8mb4 COLLATE=utf8mb4_0900_ai_ci;
/*!40101 SET character_set_client = @saved_cs_client */;

--
-- Dumping data for table `recurring_event_pattern`
--

LOCK TABLES `recurring_event_pattern` WRITE;
/*!40000 ALTER TABLE `recurring_event_pattern` DISABLE KEYS */;
INSERT INTO `recurring_event_pattern` VALUES (1,NULL,NULL,NULL,NULL,'YEARLY'),(6,NULL,NULL,NULL,NULL,'YEARLY'),(9,NULL,NULL,NULL,NULL,'YEARLY'),(11,NULL,NULL,NULL,NULL,'YEARLY'),(12,NULL,NULL,NULL,NULL,'YEARLY'),(18,NULL,NULL,NULL,NULL,'YEARLY'),(23,NULL,NULL,NULL,NULL,'YEARLY'),(27,NULL,NULL,NULL,NULL,'YEARLY'),(28,NULL,NULL,NULL,NULL,'YEARLY'),(42,NULL,NULL,NULL,NULL,'YEARLY'),(44,NULL,NULL,NULL,NULL,'YEARLY'),(45,NULL,NULL,NULL,NULL,'YEARLY'),(52,NULL,NULL,NULL,NULL,'YEARLY'),(57,NULL,NULL,NULL,NULL,'YEARLY'),(59,NULL,NULL,NULL,NULL,'YEARLY'),(62,NULL,NULL,NULL,NULL,'YEARLY'),(71,NULL,NULL,NULL,NULL,'YEARLY'),(83,NULL,NULL,NULL,NULL,'YEARLY'),(84,NULL,NULL,NULL,NULL,'YEARLY'),(90,0,42,NULL,NULL,'DAILY'),(1929,0,5,'SU',NULL,'WEEKLY'),(4501,0,32,'MO,WE',NULL,'WEEKLY'),(7203,0,32,'TU,TH',NULL,'WEEKLY'),(8388,0,48,'MO,WE,FR',NULL,'WEEKLY'),(10354,0,2,NULL,NULL,'YEARLY'),(19745,0,32,'WE,SA',NULL,'WEEKLY');
/*!40000 ALTER TABLE `recurring_event_pattern` ENABLE KEYS */;
UNLOCK TABLES;

--
-- Dumping events for database 'Event_Calendar'
--
/*!50106 SET @save_time_zone= @@TIME_ZONE */ ;
/*!50106 DROP EVENT IF EXISTS `reminder` */;
DELIMITER ;;
/*!50003 SET @saved_cs_client      = @@character_set_client */ ;;
/*!50003 SET @saved_cs_results     = @@character_set_results */ ;;
/*!50003 SET @saved_col_connection = @@collation_connection */ ;;
/*!50003 SET character_set_client  = cp850 */ ;;
/*!50003 SET character_set_results = cp850 */ ;;
/*!50003 SET collation_connection  = cp850_general_ci */ ;;
/*!50003 SET @saved_sql_mode       = @@sql_mode */ ;;
/*!50003 SET sql_mode              = 'STRICT_TRANS_TABLES,NO_ENGINE_SUBSTITUTION' */ ;;
/*!50003 SET @saved_time_zone      = @@time_zone */ ;;
/*!50003 SET time_zone             = 'SYSTEM' */ ;;
/*!50106 CREATE*/ /*!50117 DEFINER=`root`@`localhost`*/ /*!50106 EVENT `reminder` ON SCHEDULE EVERY 1 DAY STARTS '2021-04-20 00:00:00' ON COMPLETION NOT PRESERVE ENABLE DO begin
delete from recent where start_date<CURDATE();
insert into recent(event_title,location,start_date,start_time) select * from all_event where start_date=CURDATE();
end */ ;;
/*!50003 SET time_zone             = @saved_time_zone */ ;;
/*!50003 SET sql_mode              = @saved_sql_mode */ ;;
/*!50003 SET character_set_client  = @saved_cs_client */ ;;
/*!50003 SET character_set_results = @saved_cs_results */ ;;
/*!50003 SET collation_connection  = @saved_col_connection */ ;;
DELIMITER ;
/*!50106 SET TIME_ZONE= @save_time_zone */ ;

--
-- Dumping routines for database 'Event_Calendar'
--
/*!50003 DROP PROCEDURE IF EXISTS `add_recurrent_data` */;
/*!50003 SET @saved_cs_client      = @@character_set_client */ ;
/*!50003 SET @saved_cs_results     = @@character_set_results */ ;
/*!50003 SET @saved_col_connection = @@collation_connection */ ;
/*!50003 SET character_set_client  = cp850 */ ;
/*!50003 SET character_set_results = cp850 */ ;
/*!50003 SET collation_connection  = cp850_general_ci */ ;
/*!50003 SET @saved_sql_mode       = @@sql_mode */ ;
/*!50003 SET sql_mode              = 'STRICT_TRANS_TABLES,NO_ENGINE_SUBSTITUTION' */ ;
DELIMITER ;;
CREATE DEFINER=`root`@`localhost` PROCEDURE `add_recurrent_data`(IN id int,IN s date,IN e date)
begin
set @s=s;
set @e=e;
set @id=id;
set @query="insert ignore into recurrent_event values(?,?,?)";
prepare stmt from @query;
execute stmt using  @id,@s,@e;
end ;;
DELIMITER ;
/*!50003 SET sql_mode              = @saved_sql_mode */ ;
/*!50003 SET character_set_client  = @saved_cs_client */ ;
/*!50003 SET character_set_results = @saved_cs_results */ ;
/*!50003 SET collation_connection  = @saved_col_connection */ ;
/*!50003 DROP PROCEDURE IF EXISTS `delete_row` */;
/*!50003 SET @saved_cs_client      = @@character_set_client */ ;
/*!50003 SET @saved_cs_results     = @@character_set_results */ ;
/*!50003 SET @saved_col_connection = @@collation_connection */ ;
/*!50003 SET character_set_client  = cp850 */ ;
/*!50003 SET character_set_results = cp850 */ ;
/*!50003 SET collation_connection  = cp850_general_ci */ ;
/*!50003 SET @saved_sql_mode       = @@sql_mode */ ;
/*!50003 SET sql_mode              = 'STRICT_TRANS_TABLES,NO_ENGINE_SUBSTITUTION' */ ;
DELIMITER ;;
CREATE DEFINER=`root`@`localhost` PROCEDURE `delete_row`(IN table_name varchar(20),IN id int)
begin
set @table=table_name;
set @id=id;
set @query=concat("delete from ",@table," where id = ",@id);
prepare stmt from @query;
execute stmt;
end ;;
DELIMITER ;
/*!50003 SET sql_mode              = @saved_sql_mode */ ;
/*!50003 SET character_set_client  = @saved_cs_client */ ;
/*!50003 SET character_set_results = @saved_cs_results */ ;
/*!50003 SET collation_connection  = @saved_col_connection */ ;
/*!50003 DROP PROCEDURE IF EXISTS `Insert_Event` */;
/*!50003 SET @saved_cs_client      = @@character_set_client */ ;
/*!50003 SET @saved_cs_results     = @@character_set_results */ ;
/*!50003 SET @saved_col_connection = @@collation_connection */ ;
/*!50003 SET character_set_client  = cp850 */ ;
/*!50003 SET character_set_results = cp850 */ ;
/*!50003 SET collation_connection  = cp850_general_ci */ ;
/*!50003 SET @saved_sql_mode       = @@sql_mode */ ;
/*!50003 SET sql_mode              = 'STRICT_TRANS_TABLES,NO_ENGINE_SUBSTITUTION' */ ;
DELIMITER ;;
CREATE DEFINER=`root`@`localhost` PROCEDURE `Insert_Event`(
IN id int,IN title varchar(50),IN start_date date,IN end_date date,
IN start_time time,IN end_time time,IN category varchar(20))
begin
insert into event(Id,Event_title,start_date,end_date,start_time,end_time,Category)
values(id,title,start_date,end_date,start_time,end_time,category);
end ;;
DELIMITER ;
/*!50003 SET sql_mode              = @saved_sql_mode */ ;
/*!50003 SET character_set_client  = @saved_cs_client */ ;
/*!50003 SET character_set_results = @saved_cs_results */ ;
/*!50003 SET collation_connection  = @saved_col_connection */ ;
/*!50003 DROP PROCEDURE IF EXISTS `select_all` */;
/*!50003 SET @saved_cs_client      = @@character_set_client */ ;
/*!50003 SET @saved_cs_results     = @@character_set_results */ ;
/*!50003 SET @saved_col_connection = @@collation_connection */ ;
/*!50003 SET character_set_client  = cp850 */ ;
/*!50003 SET character_set_results = cp850 */ ;
/*!50003 SET collation_connection  = cp850_general_ci */ ;
/*!50003 SET @saved_sql_mode       = @@sql_mode */ ;
/*!50003 SET sql_mode              = 'STRICT_TRANS_TABLES,NO_ENGINE_SUBSTITUTION' */ ;
DELIMITER ;;
CREATE DEFINER=`root`@`localhost` PROCEDURE `select_all`(IN table_name varchar(30))
begin
set @table=table_name;
set @query=concat("select * from ",@table);
prepare stmt from @query;
execute stmt;
end ;;
DELIMITER ;
/*!50003 SET sql_mode              = @saved_sql_mode */ ;
/*!50003 SET character_set_client  = @saved_cs_client */ ;
/*!50003 SET character_set_results = @saved_cs_results */ ;
/*!50003 SET collation_connection  = @saved_col_connection */ ;
/*!50003 DROP PROCEDURE IF EXISTS `Update_Events` */;
/*!50003 SET @saved_cs_client      = @@character_set_client */ ;
/*!50003 SET @saved_cs_results     = @@character_set_results */ ;
/*!50003 SET @saved_col_connection = @@collation_connection */ ;
/*!50003 SET character_set_client  = cp850 */ ;
/*!50003 SET character_set_results = cp850 */ ;
/*!50003 SET collation_connection  = cp850_general_ci */ ;
/*!50003 SET @saved_sql_mode       = @@sql_mode */ ;
/*!50003 SET sql_mode              = 'STRICT_TRANS_TABLES,NO_ENGINE_SUBSTITUTION' */ ;
DELIMITER ;;
CREATE DEFINER=`root`@`localhost` PROCEDURE `Update_Events`(IN para varchar(20),IN flag boolean,IN id int)
begin
set @query=concat("Update event set ", para ," = ? where id = ?");
set @val=flag;
set @id=id;
prepare stmt from @query;
execute stmt using @val,@id;
end ;;
DELIMITER ;
/*!50003 SET sql_mode              = @saved_sql_mode */ ;
/*!50003 SET character_set_client  = @saved_cs_client */ ;
/*!50003 SET character_set_results = @saved_cs_results */ ;
/*!50003 SET collation_connection  = @saved_col_connection */ ;
/*!50003 DROP PROCEDURE IF EXISTS `Update_Events_1` */;
/*!50003 SET @saved_cs_client      = @@character_set_client */ ;
/*!50003 SET @saved_cs_results     = @@character_set_results */ ;
/*!50003 SET @saved_col_connection = @@collation_connection */ ;
/*!50003 SET character_set_client  = cp850 */ ;
/*!50003 SET character_set_results = cp850 */ ;
/*!50003 SET collation_connection  = cp850_general_ci */ ;
/*!50003 SET @saved_sql_mode       = @@sql_mode */ ;
/*!50003 SET sql_mode              = 'STRICT_TRANS_TABLES,NO_ENGINE_SUBSTITUTION' */ ;
DELIMITER ;;
CREATE DEFINER=`root`@`localhost` PROCEDURE `Update_Events_1`(IN para varchar(20),IN value varchar(20),IN id int)
begin
set @query=concat("Update event set ", para ," = ? where id = ?");
set @val=value;
set @id=id;
prepare stmt from @query;
execute stmt using @val,@id;
end ;;
DELIMITER ;
/*!50003 SET sql_mode              = @saved_sql_mode */ ;
/*!50003 SET character_set_client  = @saved_cs_client */ ;
/*!50003 SET character_set_results = @saved_cs_results */ ;
/*!50003 SET collation_connection  = @saved_col_connection */ ;
/*!50003 DROP PROCEDURE IF EXISTS `update_events_2` */;
/*!50003 SET @saved_cs_client      = @@character_set_client */ ;
/*!50003 SET @saved_cs_results     = @@character_set_results */ ;
/*!50003 SET @saved_col_connection = @@collation_connection */ ;
/*!50003 SET character_set_client  = cp850 */ ;
/*!50003 SET character_set_results = cp850 */ ;
/*!50003 SET collation_connection  = cp850_general_ci */ ;
/*!50003 SET @saved_sql_mode       = @@sql_mode */ ;
/*!50003 SET sql_mode              = 'STRICT_TRANS_TABLES,NO_ENGINE_SUBSTITUTION' */ ;
DELIMITER ;;
CREATE DEFINER=`root`@`localhost` PROCEDURE `update_events_2`(IN st time,IN et time,IN sd date,IN ed date,IN id int)
begin
set @st=st;
set @et=et;
set @sd=sd;
set @ed=ed;
set @id=id;
set @query="update event set start_date = ?, end_date = ?, start_time = ?, end_time = ?  where id = ?" ;
prepare stmt from @query;
execute stmt using @sd,@ed,@st,@et,@id;
end ;;
DELIMITER ;
/*!50003 SET sql_mode              = @saved_sql_mode */ ;
/*!50003 SET character_set_client  = @saved_cs_client */ ;
/*!50003 SET character_set_results = @saved_cs_results */ ;
/*!50003 SET collation_connection  = @saved_col_connection */ ;
/*!50003 DROP PROCEDURE IF EXISTS `Update_Recurrence` */;
/*!50003 SET @saved_cs_client      = @@character_set_client */ ;
/*!50003 SET @saved_cs_results     = @@character_set_results */ ;
/*!50003 SET @saved_col_connection = @@collation_connection */ ;
/*!50003 SET character_set_client  = cp850 */ ;
/*!50003 SET character_set_results = cp850 */ ;
/*!50003 SET collation_connection  = cp850_general_ci */ ;
/*!50003 SET @saved_sql_mode       = @@sql_mode */ ;
/*!50003 SET sql_mode              = 'STRICT_TRANS_TABLES,NO_ENGINE_SUBSTITUTION' */ ;
DELIMITER ;;
CREATE DEFINER=`root`@`localhost` PROCEDURE `Update_Recurrence`(IN event_id int,IN sep int,IN count int,IN dow varchar(30),IN e_date date,IN category varchar(10))
begin
insert into Recurring_Event_Pattern
values(event_id,sep,count,dow,e_date,category);
end ;;
DELIMITER ;
/*!50003 SET sql_mode              = @saved_sql_mode */ ;
/*!50003 SET character_set_client  = @saved_cs_client */ ;
/*!50003 SET character_set_results = @saved_cs_results */ ;
/*!50003 SET collation_connection  = @saved_col_connection */ ;

--
-- Final view structure for view `all_event`
--

/*!50001 DROP VIEW IF EXISTS `all_event`*/;
/*!50001 SET @saved_cs_client          = @@character_set_client */;
/*!50001 SET @saved_cs_results         = @@character_set_results */;
/*!50001 SET @saved_col_connection     = @@collation_connection */;
/*!50001 SET character_set_client      = cp850 */;
/*!50001 SET character_set_results     = cp850 */;
/*!50001 SET collation_connection      = cp850_general_ci */;
/*!50001 CREATE ALGORITHM=UNDEFINED */
/*!50013 DEFINER=`root`@`localhost` SQL SECURITY DEFINER */
/*!50001 VIEW `all_event` AS select `event`.`event_title` AS `event_title`,`event`.`Location` AS `Location`,`event`.`start_date` AS `start_date`,`event`.`start_time` AS `start_time` from `event` union select `a`.`event_title` AS `event_title`,`a`.`Location` AS `location`,`b`.`start_date` AS `start_date`,`a`.`start_time` AS `start_time` from (`event` `a` join `recurrent_event` `b` on((`a`.`Id` = `b`.`Source_entry_id`))) order by `start_date`,`start_time` */;
/*!50001 SET character_set_client      = @saved_cs_client */;
/*!50001 SET character_set_results     = @saved_cs_results */;
/*!50001 SET collation_connection      = @saved_col_connection */;

--
-- Final view structure for view `recent`
--

/*!50001 DROP VIEW IF EXISTS `recent`*/;
/*!50001 SET @saved_cs_client          = @@character_set_client */;
/*!50001 SET @saved_cs_results         = @@character_set_results */;
/*!50001 SET @saved_col_connection     = @@collation_connection */;
/*!50001 SET character_set_client      = cp850 */;
/*!50001 SET character_set_results     = cp850 */;
/*!50001 SET collation_connection      = cp850_general_ci */;
/*!50001 CREATE ALGORITHM=UNDEFINED */
/*!50013 DEFINER=`root`@`localhost` SQL SECURITY DEFINER */
/*!50001 VIEW `recent` AS select `all_event`.`event_title` AS `event_title`,`all_event`.`Location` AS `location`,`all_event`.`start_date` AS `start_date`,`all_event`.`start_time` AS `start_time` from `all_event` where (`all_event`.`start_date` = curdate()) */;
/*!50001 SET character_set_client      = @saved_cs_client */;
/*!50001 SET character_set_results     = @saved_cs_results */;
/*!50001 SET collation_connection      = @saved_col_connection */;
/*!40103 SET TIME_ZONE=@OLD_TIME_ZONE */;

/*!40101 SET SQL_MODE=@OLD_SQL_MODE */;
/*!40014 SET FOREIGN_KEY_CHECKS=@OLD_FOREIGN_KEY_CHECKS */;
/*!40014 SET UNIQUE_CHECKS=@OLD_UNIQUE_CHECKS */;
/*!40101 SET CHARACTER_SET_CLIENT=@OLD_CHARACTER_SET_CLIENT */;
/*!40101 SET CHARACTER_SET_RESULTS=@OLD_CHARACTER_SET_RESULTS */;
/*!40101 SET COLLATION_CONNECTION=@OLD_COLLATION_CONNECTION */;
/*!40111 SET SQL_NOTES=@OLD_SQL_NOTES */;

-- Dump completed on 2021-04-20 12:55:03
